matchId,t1Dragons,t2Dragons,t1Rift,t2Rift,topGoldDiff,jgGoldDiff,midGoldDiff,adcGoldDiff,suppGoldDiff,timePlay,winloss,top1,jug1,mid1,adc1,sp1,top2,jug2,mid2,adc2,sp2
NA1_4246867983,2,0,0,0,2336,-1008,1383,731,683,1752,100,Gangplank,Zac,Zed,Ashe,Leona,Jax,Khazix,Ekko,Lucian,Nautilus
NA1_4249810674,1,1,0,1,936,1694,216,1817,2023,925,100,Gnar,Khazix,Vex,Ezreal,Brand,Yorick,Udyr,Yone,Ziggs,Pantheon
NA1_4260329763,0,2,0,1,-846,-1472,-5485,-2755,-339,911,200,Fiora,Rengar,Viktor,Kaisa,Galio,Teemo,Diana,Graves,Zeri,Pyke
NA1_4253638363,0,1,1,0,1312,397,1266,486,874,2800,200,Tryndamere,Ezreal,Varus,LeeSin,Karma,Graves,Volibear,Corki,Jinx,Lux
NA1_4259164367,0,1,0,1,-1981,2913,-114,83,-226,2189,200,Cassiopeia,Nocturne,Xerath,Zeri,Nami,Volibear,Kayn,Akshan,Ezreal,Seraphine
NA1_4246691567,2,0,0,1,101,-1400,1125,974,133,1872,200,Rengar,Volibear,Ekko,Zed,Lissandra,Chogath,MonkeyKing,Yone,Seraphine,Brand
NA1_4252260889,0,0,0,0,-666,30,1108,939,379,1535,100,Irelia,Ekko,Yone,Caitlyn,Leblanc,Cassiopeia,LeeSin,Yasuo,Aphelios,Sona
NA1_4248227233,2,0,1,0,-150,205,-1980,1463,1159,1441,100,Urgot,Shyvana,Vladimir,Zeri,Nautilus,Darius,LeeSin,Akali,Jhin,Thresh
NA1_4242993207,1,0,1,0,165,-250,-2135,1126,632,1620,200,Garen,XinZhao,Fizz,Jhin,Neeko,Jax,Nidalee,Twitch,Samira,Lux
NA1_4242265575,1,0,1,0,-1297,1201,473,1081,1432,2063,100,Quinn,JarvanIV,Caitlyn,Tryndamere,Lux,Yorick,Shyvana,Corki,Jhin,Ziggs
NA1_4248293379,0,2,1,0,1293,834,15,-403,-829,1972,200,Diana,Garen,Qiyana,Jinx,Lulu,Ekko,Viego,Kaisa,Twitch,Yuumi
NA1_4251437938,1,0,0,1,2683,2818,851,411,-675,1659,100,Teemo,Hecarim,Lux,Ashe,Alistar,Urgot,Kayn,Akali,Kaisa,Pyke
NA1_4257876871,1,0,0,0,-595,904,514,-1499,-972,1824,100,Quinn,JarvanIV,Syndra,Caitlyn,Thresh,TahmKench,XinZhao,Vladimir,Samira,Pyke
NA1_4254104785,1,0,0,0,3202,485,-736,1156,1814,958,100,Malphite,Khazix,Corki,Kaisa,RekSai,Teemo,Hecarim,Qiyana,Vayne,Blitzcrank
NA1_4241268586,0,1,0,1,2809,347,3217,1362,94,2517,100,Tryndamere,MasterYi,Ziggs,Samira,Blitzcrank,Graves,Khazix,Malzahar,Soraka,Lux
NA1_4257422775,1,0,0,0,1304,-955,4429,-1363,-75,2067,100,Yorick,Lillia,Yone,Twitch,Morgana,Fiora,Diana,Sylas,Sivir,Soraka
NA1_4251214961,0,2,1,0,1781,1894,-192,-1655,376,1800,100,Aatrox,Evelynn,Veigar,Jhin,Zyra,Graves,DrMundo,Jinx,Samira,Brand
NA1_4250706808,0,1,1,0,-879,949,1239,-1561,-1648,2720,100,Darius,Viego,Katarina,Caitlyn,Anivia,Mordekaiser,Lillia,Pantheon,Jinx,Karma
NA1_4245559268,2,0,0,0,2197,0,-186,1295,1545,1962,200,Tryndamere,Teemo,Galio,Kalista,Pantheon,Camille,MasterYi,Ryze,Vayne,Soraka
NA1_4251207176,2,0,1,0,5294,985,2357,666,742,949,100,Yone,Nidalee,Galio,Caitlyn,Bard,Singed,Trundle,Viktor,Twitch,Ashe
NA1_4257247315,2,0,0,0,1035,-230,299,596,-695,2070,200,Camille,Vi,Vex,Lucian,Nami,Kayle,Amumu,Yasuo,Ezreal,Xerath
NA1_4258158465,1,0,0,0,2339,-462,86,621,787,1466,100,Sett,Trundle,Annie,Jinx,Zilean,Nasus,Darius,Ryze,Ezreal,Amumu
NA1_4253601411,1,1,1,0,548,-1327,131,-2556,-358,1526,200,Singed,Camille,Irelia,MissFortune,Bard,Darius,LeeSin,Vladimir,Tristana,Sona
NA1_4252525420,1,0,1,0,1059,793,523,1233,1596,1424,100,Sion,Shaco,Yasuo,Yone,Seraphine,Darius,Graves,Zed,Varus,Yuumi
NA1_4242185247,2,0,1,0,-2056,1247,825,-128,-1118,2226,100,Urgot,Kayn,Lissandra,Ezreal,Thresh,Mordekaiser,Trundle,Ahri,Jhin,Lux
NA1_4257257814,1,0,0,1,12,-488,246,-916,216,1679,100,Teemo,Hecarim,Kayle,Zeri,Senna,Kled,Jax,Ahri,MissFortune,Lux
NA1_4240296323,1,1,0,1,2594,-405,-96,709,93,1438,100,Alistar,JarvanIV,Ryze,Ashe,Tryndamere,Jax,Khazix,Leblanc,Draven,Blitzcrank
NA1_4236708947,1,0,1,0,-1439,-1745,-798,715,-850,1298,200,Irelia,Kindred,Cassiopeia,Tristana,Lulu,Katarina,Rengar,Corki,Zeri,Neeko
NA1_4239444481,0,1,0,0,0,0,0,0,0,623,200,Vladimir,Rengar,TwistedFate,Samira,Soraka,Lucian,MasterYi,Talon,Zeri,Xerath
NA1_4256636535,1,1,0,1,886,564,396,-921,85,2132,200,Sion,Shaco,Vex,Lucian,Alistar,Garen,Viego,Rumble,Veigar,Nautilus
NA1_4246648067,0,2,1,0,2256,-485,-210,-1989,-597,2041,200,Olaf,Kindred,Ahri,Ashe,Galio,Irelia,Shaco,TwistedFate,Vayne,Neeko
NA1_4249844262,1,1,1,0,-156,678,1357,1095,2116,1286,100,Yone,Shyvana,Yasuo,Lucian,Nami,Garen,Hecarim,Pyke,Ezreal,Thresh
NA1_4244225127,1,0,1,0,1505,190,-307,-323,-340,1887,200,Mordekaiser,Hecarim,Cassiopeia,Lucian,Yuumi,Shyvana,Poppy,Pyke,Samira,Nautilus
NA1_4245015342,2,0,0,1,-1954,265,406,1437,529,1574,100,Gragas,Vi,TwistedFate,Kaisa,Lux,Darius,Trundle,Katarina,Ezreal,Morgana
NA1_4247447371,1,0,1,0,760,1343,1171,295,1366,1528,100,Renekton,Evelynn,Irelia,Kaisa,Zyra,Akali,XinZhao,Fizz,Jhin,Rell
NA1_4238764835,2,0,0,0,-79,-211,648,-1031,-381,1765,100,Graves,Khazix,Morgana,Kaisa,Renata,Renekton,LeeSin,Ryze,Ezreal,Karma
NA1_4255986407,0,2,0,1,65,2053,1227,-86,221,2280,200,Darius,Zed,TwistedFate,Xayah,Senna,Urgot,LeeSin,Yone,Lucian,Brand
NA1_4244636206,0,0,1,0,3660,-1388,252,-155,62,2416,200,Irelia,Amumu,Katarina,Jinx,Zilean,Yorick,Karthus,Yone,Samira,Renata
NA1_4258441163,1,0,1,0,1847,786,1880,-347,442,1703,100,Yorick,Warwick,Cassiopeia,Zeri,Sylas,Graves,Shaco,Yone,Kaisa,Soraka
NA1_4241826173,1,1,0,1,-2533,398,1859,-219,978,1742,100,MasterYi,Volibear,Diana,MissFortune,Swain,Olaf,Graves,Zoe,Tristana,Nautilus
NA1_4237404647,0,1,0,1,1675,637,1880,-2807,-2226,2021,100,Gnar,Sion,Viktor,Zeri,Blitzcrank,Vayne,Nocturne,Swain,Samira,Taliyah
NA1_4250062442,2,0,0,1,-2078,1902,1021,1899,704,1917,100,Sett,Vi,Soraka,Ezreal,Karma,Vayne,Kayn,Vex,Jinx,Lux
NA1_4240572341,0,2,0,1,-1039,-246,-2163,-1743,-2124,1531,200,Darius,MasterYi,Malzahar,Jhin,Morgana,Yorick,Udyr,Fizz,MissFortune,Senna
NA1_4238763504,2,0,0,0,-1738,-901,543,-1908,-869,1314,200,Darius,Karthus,Lucian,Jinx,Brand,Renekton,Viego,Viktor,Vayne,Velkoz
NA1_4253149891,0,1,1,0,-259,-1999,-1048,340,642,1593,200,Shen,Chogath,Yone,Caitlyn,Lissandra,Volibear,Kindred,Ryze,Seraphine,Leblanc
NA1_4256136559,0,1,1,0,1152,400,-1934,326,-926,1912,200,Yorick,Diana,Pantheon,Samira,Galio,Kennen,Warwick,Lucian,Jhin,Anivia
NA1_4256408963,2,0,1,0,1018,1376,774,2248,881,1352,100,Sion,Diana,Yasuo,Ezreal,Senna,Karma,Hecarim,Malzahar,Jhin,Renata
NA1_4243358235,1,0,1,0,-3634,-225,-3365,1106,-1678,1117,200,Garen,Olaf,Renekton,Tristana,Nautilus,Tryndamere,Lillia,Kassadin,Ezreal,Brand
NA1_4251777357,1,1,0,1,-3300,-1428,-1577,-75,513,2462,100,Teemo,Ekko,Yasuo,Jinx,Yuumi,Sett,Warwick,Zed,Lucian,Lux
NA1_4254631796,1,0,0,0,809,1465,1524,1180,-532,1714,100,Gnar,Amumu,Zed,Samira,Alistar,Jayce,Shaco,Viktor,Brand,Swain
NA1_4250780101,1,1,0,1,-979,685,-2051,205,504,1766,200,Garen,Vi,Cassiopeia,Xayah,Rakan,Camille,Zac,Yasuo,Vayne,Nautilus
NA1_4248555139,0,1,1,0,4078,-595,-5371,-245,-1629,1653,200,Trundle,JarvanIV,Kaisa,Ezreal,Karma,Chogath,Nunu,Tryndamere,Aphelios,Senna
NA1_4237219116,0,2,0,1,592,57,-26,-623,-977,1790,200,Riven,Kayn,Yone,Xayah,Leona,Mordekaiser,MasterYi,Yasuo,Tristana,Annie
NA1_4244583208,1,1,0,1,433,-947,-2232,1429,-1963,1899,100,Darius,LeeSin,Azir,Vayne,Nautilus,Nasus,Viego,Katarina,Lucian,Senna
NA1_4256565677,0,1,0,0,2287,3016,-5,-1659,-805,1339,100,Tryndamere,Viego,Ahri,Swain,Maokai,Aatrox,Rengar,Veigar,KogMaw,Nami
NA1_4249005127,1,0,0,0,-4800,-132,858,138,-125,1479,200,Quinn,Graves,Akali,Kaisa,Ornn,Aatrox,Rumble,Viktor,Aphelios,Lulu
NA1_4242424156,0,2,1,0,267,635,339,2023,426,2128,200,Gangplank,Trundle,Lucian,MissFortune,Karma,Teemo,Khazix,Ahri,Vayne,Leona
NA1_4240369406,0,2,1,0,693,416,-444,141,-1983,1882,100,Illaoi,Viego,Viktor,Draven,Alistar,Aatrox,Hecarim,Veigar,Varus,Nautilus
NA1_4251395315,2,0,0,0,-250,-248,1300,-235,-167,2656,100,Tryndamere,Zed,Warwick,MissFortune,Morgana,Ornn,Karthus,Ekko,Ezreal,Nami
NA1_4259851266,0,0,0,0,0,0,0,0,0,198,200,Sion,Trundle,Ezreal,Morgana,Garen,Volibear,Ekko,Zeri,Taliyah,
NA1_4244533470,2,0,0,1,1156,-431,2387,-764,365,1665,100,Teemo,Hecarim,Katarina,Ezreal,Pyke,Corki,Viego,Sett,Vayne,Rell
NA1_4242384721,0,0,0,0,-514,406,-371,-1335,-670,1624,200,Tryndamere,Evelynn,Viktor,Jinx,Senna,Jax,Shaco,Akali,Sivir,Zyra
NA1_4252642115,0,1,1,0,-200,868,1754,-2751,-1999,1526,100,Graves,Khazix,Irelia,Jinx,Lulu,Jayce,Kayn,Leblanc,Ezreal,Seraphine
NA1_4252547821,1,1,1,0,1792,-73,2986,184,360,1316,100,Akali,Nocturne,Anivia,Ashe,Leona,Garen,Viego,Varus,Caitlyn,Blitzcrank
NA1_4245581234,0,1,1,0,-2618,434,-361,2114,-63,2087,100,Kayle,Evelynn,Katarina,Vayne,Pantheon,Gangplank,Lillia,Neeko,Jhin,Senna
NA1_4243330197,1,1,0,1,-3478,-3038,-3176,-1203,-1024,1220,200,Nasus,Nocturne,Syndra,Vayne,Nautilus,Tryndamere,Skarner,Draven,Veigar,Blitzcrank
NA1_4252491826,0,1,0,1,-2718,-719,-2428,-2766,-1957,1301,200,Kled,Nocturne,Qiyana,Cassiopeia,Nami,Jayce,Hecarim,Syndra,Jhin,Lux
NA1_4257900086,1,0,0,1,-893,2914,231,-666,-822,1638,100,Jayce,Kayn,Annie,Kaisa,Nautilus,Chogath,Qiyana,Malzahar,Jhin,Xerath
NA1_4237305551,1,1,0,1,-1352,448,1475,1681,440,1849,100,Teemo,Volibear,Lux,Tristana,Soraka,Fiora,MasterYi,Viktor,Jhin,Sona
NA1_4240438648,0,1,1,0,-2005,614,-1593,91,1459,1699,200,Urgot,Rengar,Katarina,Draven,Thresh,Illaoi,Nidalee,Yasuo,Jinx,Nautilus
NA1_4258007407,0,2,0,1,-945,-1938,677,-770,-2375,1403,200,Malphite,Kayn,Lissandra,Caitlyn,Soraka,Teemo,Graves,Sion,Zeri,Senna
NA1_4246550266,0,1,1,0,-689,-328,2485,-1376,1235,1631,200,Nasus,Gwen,Mordekaiser,Jhin,Anivia,Sylas,Trundle,Irelia,Samira,Sona
NA1_4244600525,0,2,1,0,2925,1392,-491,-178,-716,2344,200,Sett,FiddleSticks,Vex,Jinx,Blitzcrank,Ornn,Viego,Heimerdinger,Ziggs,Lux
NA1_4252968167,1,0,0,1,-1956,1323,28,-1115,652,2015,100,Ornn,LeeSin,Katarina,Aphelios,Morgana,Jax,Hecarim,Teemo,Draven,Alistar
NA1_4257180901,1,1,0,0,1273,474,593,-2886,-1389,2344,100,Ornn,Viego,Veigar,Jhin,Nami,Camille,Zac,Viktor,Vayne,Zyra
NA1_4250439895,1,1,0,1,159,-91,-2565,-2972,586,1839,200,Sylas,Karthus,Pantheon,Aphelios,Senna,DrMundo,Diana,Yone,Zeri,Thresh
NA1_4245557488,1,0,0,1,-1559,636,838,-967,-75,2036,200,Garen,MasterYi,Veigar,Samira,Nautilus,Yone,Karthus,Katarina,Kaisa,Blitzcrank
NA1_4248666260,0,1,0,1,1405,1369,-1683,-372,-1171,1843,100,Gangplank,Lillia,Yone,Vayne,Nautilus,Sett,Zac,Kayle,Ashe,Blitzcrank
NA1_4251569803,1,0,0,1,2161,-774,-919,3472,1073,1661,100,Riven,Diana,Zoe,Jinx,Thresh,Singed,LeeSin,Azir,MissFortune,Morgana
NA1_4247199356,1,0,0,1,1103,1596,-483,231,195,1469,100,Gwen,Ekko,Yasuo,Jhin,TahmKench,Aatrox,XinZhao,Ahri,Varus,Thresh
NA1_4248278754,0,2,1,0,-681,-591,1288,-1988,-100,1348,200,Garen,Viego,Katarina,Vayne,Bard,Volibear,Warwick,Lissandra,Jinx,Nautilus
NA1_4254576680,0,1,0,0,-3842,121,278,-892,-793,1780,200,Jax,Diana,Malzahar,Caitlyn,Malphite,Gangplank,Yone,Velkoz,Ezreal,Brand
NA1_4258132181,0,1,1,0,429,-2091,1885,-1012,217,1859,200,Kayle,Amumu,Azir,Kaisa,Xerath,Aatrox,Hecarim,Vladimir,KogMaw,Yuumi
NA1_4255336421,1,0,1,0,2249,1327,1001,-1274,679,1377,100,Corki,Hecarim,Kayle,Ashe,Pyke,Quinn,Zac,Zilean,Zeri,Blitzcrank
NA1_4252597484,0,2,0,1,1510,-390,-841,-399,-609,1741,200,Veigar,Kayn,Kayle,Ezreal,Soraka,Garen,Poppy,Ryze,MissFortune,Lux
NA1_4237284361,1,1,1,0,678,688,1020,864,668,1435,100,Jayce,DrMundo,Singed,Twitch,Rakan,Kassadin,Rengar,Malphite,Jinx,Lulu
NA1_4259155489,0,1,1,0,2931,655,183,1868,1215,1432,100,Mordekaiser,Diana,Malphite,Jinx,Zyra,Renekton,Kindred,Katarina,Vayne,TahmKench
NA1_4247831026,0,2,0,1,-1331,-1528,-1595,613,-927,1383,200,Camille,Khazix,Kaisa,Jinx,Nami,Sett,Nunu,Anivia,Ezreal,Lux
NA1_4244772211,1,1,0,0,2867,905,-54,-1488,1169,1887,100,Darius,Nocturne,Yone,Lucian,Pyke,Fiora,Kayn,Brand,Tristana,Lux
NA1_4254307793,1,0,1,0,604,2411,-46,217,671,2413,100,Yorick,RekSai,Zed,Jhin,Karma,Ekko,Rammus,Akali,MissFortune,Morgana
NA1_4242300785,0,2,1,0,2789,392,-5,-1651,117,2174,200,Jax,Nocturne,Ekko,Samira,Thresh,Fiora,MasterYi,Leblanc,Tristana,Lulu
NA1_4240386360,1,1,1,0,-979,291,-968,2557,1317,1791,200,Shen,Rengar,Ekko,Jinx,Galio,Garen,Kaisa,Yasuo,Jhin,Karma
NA1_4254981040,0,2,0,1,-1085,-18,-28,470,-1931,1712,200,Shen,Kindred,Veigar,Samira,Zac,Malzahar,Darius,Trundle,Senna,Seraphine
NA1_4254710688,0,1,0,1,-216,-1586,604,108,-13,1883,200,Akshan,Zac,Jayce,Kaisa,Lulu,Darius,Volibear,Ahri,Varus,Ashe
NA1_4247154285,2,0,1,0,5253,1591,296,2141,-25,1343,100,Tryndamere,MasterYi,Anivia,Zeri,Lulu,Quinn,Sejuani,Diana,Vayne,Lux
NA1_4250426623,2,0,1,0,1155,1233,1216,3492,2203,1776,100,Teemo,Hecarim,Leblanc,Vayne,Blitzcrank,Garen,Viego,Lux,Jinx,Leona
NA1_4248602730,2,0,1,0,1604,2025,-1667,-1655,-806,1625,100,Darius,MasterYi,Karma,MissFortune,Nautilus,Chogath,Zed,Varus,Twitch,Pyke
NA1_4249501751,0,1,1,0,1433,-27,495,-1832,-504,1782,200,Cassiopeia,Khazix,Ziggs,Jinx,Lulu,Anivia,Kayn,Sylas,Vayne,Nautilus
NA1_4248215902,1,0,0,1,-1975,230,555,1451,372,1720,100,Malphite,Graves,Vex,Jinx,Morgana,Sett,Shaco,Sylas,Annie,Bard
NA1_4244057130,1,1,1,0,-2,1480,1872,894,80,1797,100,Teemo,Udyr,Sylas,MissFortune,Zilean,Aatrox,Lillia,Irelia,Jinx,Lux
NA1_4245690014,1,1,1,0,0,0,0,0,0,746,100,Kennen,Shaco,Viktor,Karthus,Pyke,Yorick,Viego,Ahri,Ashe,MissFortune
NA1_4245135996,1,0,1,0,-2238,498,314,-1854,-516,1348,200,Galio,FiddleSticks,Veigar,Twitch,Ashe,Nasus,Shaco,Lux,Kaisa,Pantheon
NA1_4250418111,2,0,1,0,-325,1496,1787,372,724,1596,100,Ashe,Volibear,Lissandra,MissFortune,Lux,Mordekaiser,Kayn,Kassadin,Ezreal,Morgana
NA1_4252117931,1,0,0,0,-598,156,2201,-2936,-664,1738,200,Chogath,Sejuani,Akali,Vayne,Thresh,Fiora,Volibear,Azir,Lucian,Karma
NA1_4239229458,1,1,0,1,-604,-456,704,1653,1781,2414,200,Singed,Zac,Nautilus,Ezreal,Brand,Mordekaiser,Sejuani,Ziggs,Caitlyn,Janna
NA1_4256933809,2,0,0,1,-1814,394,1500,-2558,-1159,1774,100,Mordekaiser,Graves,Zed,Veigar,Thresh,Yorick,Nocturne,Ekko,Zeri,Morgana
NA1_4255610361,2,0,1,0,2214,907,1690,848,658,1113,100,Yone,MasterYi,Shaco,Jhin,Blitzcrank,Sion,Graves,Kaisa,Samira,Nami
NA1_4245571441,0,2,0,1,2317,-1237,1765,-1068,-1627,2205,200,Nasus,Hecarim,Yasuo,Ashe,Lulu,Malphite,MasterYi,Ahri,Vayne,Soraka
NA1_4252974704,2,0,0,1,1369,48,3389,213,1575,1690,100,Mordekaiser,Darius,Akshan,Brand,Senna,Vayne,LeeSin,Fizz,Ashe,Renata
NA1_4259052155,2,0,0,1,987,952,-906,3115,-469,1218,100,Yasuo,Vi,Karthus,Vayne,Leona,Yorick,Nunu,Singed,Zeri,Morgana
NA1_4259063898,2,0,0,1,-1974,280,122,462,226,1526,100,Camille,Hecarim,Vex,Jinx,Braum,Tryndamere,FiddleSticks,Vladimir,Samira,Nautilus
NA1_4256756676,0,2,0,1,-2123,934,-548,-1037,152,1666,100,Jax,Warwick,Pyke,Ziggs,Lux,Sett,Trundle,Yasuo,Jinx,Alistar
NA1_4253324134,0,1,1,0,-1148,258,1130,201,275,1829,100,Fiora,Amumu,Vex,Lucian,Rakan,Yorick,Hecarim,Akali,Aphelios,Lulu
NA1_4236081598,2,0,1,0,583,849,999,1305,1646,1268,100,Illaoi,Nunu,Akshan,Jhin,Velkoz,Sett,LeeSin,Leblanc,Jinx,Soraka
NA1_4248766843,0,1,1,0,-185,2452,630,-906,217,1790,200,Yorick,Nocturne,Galio,Kaisa,Shen,Sett,Twitch,Singed,Vayne,Leona
NA1_4252537693,1,1,0,0,-1168,-1166,-747,-2065,-809,1304,200,Irelia,Hecarim,Lux,Jhin,Seraphine,Ornn,Zac,Yasuo,Ezreal,Nami
NA1_4251209752,2,0,1,0,136,-22,2139,262,383,1577,100,Trundle,JarvanIV,Karma,Kaisa,Rakan,Sett,Taliyah,Caitlyn,Qiyana,Swain
NA1_4250654747,1,1,0,0,65,-581,1447,-1647,1618,1956,200,Jayce,Hecarim,Zed,Nami,Caitlyn,Tryndamere,Diana,Anivia,Samira,Leona
NA1_4251981382,1,1,0,0,-2061,1435,-304,349,351,1695,100,Darius,Graves,Corki,Ezreal,Lux,Sion,Zac,Leblanc,Kaisa,Lulu
NA1_4253387950,0,1,0,1,277,-530,-853,432,434,1693,100,Volibear,Viego,Lux,Lucian,Bard,Irelia,XinZhao,Katarina,Kaisa,Ashe
NA1_4254639484,1,1,0,0,-1836,1095,-2600,-5,-65,1721,200,Yasuo,Graves,Katarina,Kaisa,Janna,Yorick,Vi,Neeko,MissFortune,Rell
NA1_4245107739,1,0,0,1,-1320,-103,872,1695,1217,1751,100,Malzahar,Volibear,Akshan,Jhin,Lux,Urgot,Viego,Irelia,TahmKench,Soraka
NA1_4244359282,0,2,0,0,327,833,-2586,-3023,-973,1708,200,Malphite,Zac,Annie,Draven,Pyke,Jax,Skarner,Vex,Tristana,Blitzcrank
NA1_4249994858,1,0,0,1,-1265,1708,116,1001,1070,1874,200,Jax,Khazix,Ahri,Jinx,Thresh,MonkeyKing,Rammus,Qiyana,Lucian,Yuumi
NA1_4255866943,1,0,0,1,746,1395,-801,1697,908,1216,100,Vayne,Jax,Akali,MissFortune,Zilean,Garen,Nunu,Akshan,Jhin,Lulu
NA1_4245496191,1,1,1,0,2276,-1611,-1952,-5,-455,2555,100,Chogath,MonkeyKing,Singed,KogMaw,Lulu,Ornn,Trundle,Velkoz,Ezreal,Yuumi
NA1_4251987492,1,1,1,0,2285,-496,-634,-702,-1492,1555,200,Aatrox,Nunu,Vex,Jinx,Shen,Volibear,MasterYi,TwistedFate,Draven,Lux
NA1_4255386633,1,0,0,1,36,-1110,-2265,-1525,-210,1468,200,DrMundo,Yuumi,Katarina,Lucian,Zac,Karthus,Mordekaiser,Chogath,Jinx,Nautilus
NA1_4254848508,2,0,1,0,-319,875,1635,-1633,-23,2034,100,Graves,XinZhao,Neeko,Vayne,Karma,Renekton,MasterYi,Viktor,Lucian,Nami
NA1_4248703504,1,0,0,1,-996,-1473,-2082,729,1943,1999,100,Malphite,Ivern,Veigar,Lucian,Brand,Nasus,Amumu,Lux,Jinx,Lulu
NA1_4245242404,0,2,0,1,917,-636,-5967,-1087,-1173,1738,200,Akali,Diana,Tristana,Seraphine,Gangplank,Zac,Zed,Vayne,Zyra,
NA1_4238933572,0,2,1,0,1583,250,1867,2281,3014,2223,100,Viego,Nocturne,Morgana,Jhin,Senna,Garen,Warwick,Zilean,Jinx,Nami
NA1_4258938876,1,0,1,0,1518,1392,620,-1383,-1507,1831,100,Irelia,Kayn,Zoe,Ezreal,Senna,Kayle,Zed,Leblanc,Vayne,Renata
NA1_4247677195,1,0,0,1,-701,-2278,1826,-1438,-691,2270,200,Udyr,Ekko,Graves,Caitlyn,Nami,Sion,Evelynn,Zed,Jhin,Leona
NA1_4258519273,1,1,1,0,1989,-876,381,-1553,-399,1669,200,Darius,Graves,Ahri,Varus,Brand,Garen,Hecarim,TwistedFate,Ezreal,Nautilus
NA1_4253963377,1,0,1,0,1190,849,1891,781,1393,1207,100,Kled,Shaco,Galio,Jinx,Blitzcrank,Illaoi,LeeSin,Viktor,Vayne,Thresh
NA1_4247959659,2,0,1,0,-971,-336,784,-608,1584,1563,100,Viego,Nunu,Sylas,Vayne,Xerath,Malphite,Hecarim,Renekton,Jinx,Morgana
NA1_4260511333,1,0,1,0,2732,-219,1458,-324,-1008,1521,100,Tryndamere,Kaisa,Leblanc,Nautilus,Senna,Yone,Kayn,Viktor,Vayne,Yuumi
NA1_4248029965,2,0,1,0,-1224,-284,1228,941,1060,1806,100,TahmKench,Kayn,Yone,Ezreal,Morgana,Fiora,Hecarim,Ekko,Ashe,Lux
NA1_4250989905,1,1,0,0,2484,-234,-912,720,267,1526,200,DrMundo,Diana,Veigar,Draven,Lulu,Nasus,Sejuani,Gragas,Jinx,Janna
NA1_4249617915,0,2,0,1,2338,-983,1723,143,-2118,2180,200,Akshan,LeeSin,Velkoz,Aphelios,Leona,Singed,RekSai,Pyke,Jinx,Zyra
NA1_4247233455,0,1,1,0,663,1091,634,-253,339,1601,100,Malphite,Viego,Veigar,Varus,Lux,Singed,Khazix,Fizz,Ashe,Soraka
NA1_4237725473,1,0,0,0,-1132,1246,20,900,292,1774,200,Garen,Diana,Katarina,Jhin,Soraka,Yone,Nocturne,Sylas,Ezreal,Sona
NA1_4250534791,1,1,0,1,1384,-1345,-1555,1754,913,1999,100,Jax,Viktor,Viego,Sivir,Renata,Darius,Diana,Yasuo,Ashe,Sona
NA1_4240416458,1,1,0,1,-324,525,-573,486,1125,1698,200,Vladimir,XinZhao,Qiyana,Tristana,Rakan,Irelia,Trundle,Lissandra,Ashe,Blitzcrank
NA1_4242562639,1,1,0,1,722,-163,179,1185,309,1927,200,Tryndamere,Vi,Akali,Sivir,Lulu,Illaoi,MasterYi,Veigar,Kaisa,Karma
NA1_4243868989,1,0,1,0,-617,-429,-329,-470,-1254,2460,200,Garen,Amumu,Akali,Jhin,Nami,Urgot,Lillia,Yone,Twitch,Senna
NA1_4237477813,0,2,1,0,-3131,1935,-6,-404,88,1405,100,Singed,Vi,Yasuo,Zeri,Nautilus,Darius,Nocturne,Leblanc,Aphelios,Lulu
NA1_4245650043,0,0,0,0,0,0,0,0,0,620,100,Urgot,Hecarim,Veigar,Tristana,Alistar,Garen,Volibear,Fizz,Jinx,Janna
NA1_4246123829,2,0,1,0,1764,136,-1167,2591,73,1681,200,Yasuo,MasterYi,Nunu,Vayne,Brand,Rengar,Nocturne,Viktor,Ziggs,Sona
NA1_4238548886,1,0,1,0,3725,-938,-217,-1010,-602,1930,100,Sett,Kindred,Ekko,Caitlyn,TwistedFate,Mordekaiser,Hecarim,Vex,Jinx,Karma
NA1_4254426980,0,1,0,1,477,1369,1588,1322,712,1636,100,Camille,Shaco,Pyke,Lucian,Seraphine,Teemo,Nunu,Ekko,Caitlyn,Lulu
NA1_4258361712,0,1,1,0,-1306,1332,-377,3462,1426,974,100,Teemo,Khazix,Sylas,Jinx,Thresh,Darius,Hecarim,Gangplank,Twitch,Lulu
NA1_4235093687,0,1,0,1,-438,985,-2077,5,-682,2106,100,Sion,Hecarim,Singed,Caitlyn,Karma,Graves,Shyvana,Viktor,Ezreal,Braum
NA1_4252501549,1,1,0,1,414,-2593,-4742,1941,663,1485,200,Teemo,Viego,Kayle,Aphelios,Nautilus,XinZhao,Tryndamere,Yasuo,Kaisa,Singed
NA1_4259699307,0,1,1,0,-662,73,1887,1488,-611,1744,100,Yorick,Warwick,Ashe,Ezreal,Nami,Chogath,Hecarim,Veigar,Caitlyn,Xerath
NA1_4238321593,2,0,0,1,-1583,-1414,-99,135,-230,1795,200,Riven,Tryndamere,Akali,Jhin,Leona,Warwick,MasterYi,Vladimir,Vayne,Renata
NA1_4247349429,2,0,0,1,462,2155,27,1247,357,1180,100,Gragas,Udyr,Akshan,Samira,Nautilus,Irelia,Nunu,Zed,Kaisa,Soraka
NA1_4240293642,2,0,1,0,2578,1909,1966,-52,1280,1222,100,Tryndamere,MasterYi,Lucian,Samira,Xerath,Kayn,Kindred,Leblanc,Ezreal,Janna
NA1_4244506817,2,0,1,0,1837,601,3262,-209,33,1648,100,Gwen,Graves,Akali,Ashe,Neeko,Trundle,LeeSin,TwistedFate,Zeri,Xerath
NA1_4246294227,1,1,0,1,-2229,121,-1212,-828,284,1442,200,Teemo,Kayn,Kaisa,Jinx,Blitzcrank,Yorick,Vi,Kassadin,KogMaw,Thresh
NA1_4238583367,1,1,0,0,-1297,-132,-994,-1985,-350,1366,200,Riven,MasterYi,Zed,MissFortune,Nautilus,Teemo,Rammus,Leblanc,Tristana,Blitzcrank
NA1_4239104447,1,1,1,0,-1008,731,372,1012,23,2313,200,Singed,RekSai,Viktor,Vayne,Pantheon,Kayle,MonkeyKing,Pyke,Draven,Yuumi
NA1_4256501162,2,0,1,0,1821,2431,1607,-2680,-1515,1766,100,Mordekaiser,Kayn,Yasuo,Vayne,Nami,Yorick,LeeSin,Viktor,Samira,Pantheon
NA1_4244491799,0,2,1,0,2102,3137,-2258,193,131,1322,100,Irelia,Hecarim,Fizz,Jhin,Taliyah,Sett,Ekko,Sejuani,Jinx,Sona
NA1_4238422473,1,0,1,0,-1321,1516,-363,908,-82,2117,100,Jax,MasterYi,Veigar,Samira,Pantheon,Darius,Hecarim,Viktor,Zeri,Morgana
NA1_4254876146,0,1,0,0,-1248,-35,-2751,-1135,1179,1734,200,Vayne,Zed,Ekko,Ashe,Lux,Sylas,Hecarim,Pyke,Twitch,Lulu
NA1_4255630215,0,2,0,1,1205,-258,-298,-1789,1100,1651,200,Jax,Hecarim,Yasuo,Lux,Seraphine,Veigar,Volibear,Vex,Draven,Leona
NA1_4242228654,1,0,1,0,2196,361,433,1183,504,933,100,Darius,FiddleSticks,Kassadin,Caitlyn,Karma,Riven,Nidalee,Vex,Jhin,Swain
NA1_4249866264,0,2,0,1,832,-377,-1434,-1293,-544,1895,100,Fiora,Gwen,Anivia,Soraka,Lulu,Jax,RekSai,Vladimir,Jhin,Morgana
NA1_4235888857,1,1,1,0,1464,988,1747,-1842,862,2199,100,Volibear,Vi,TwistedFate,Veigar,Ezreal,Sion,Diana,Fizz,Yasuo,Rell
NA1_4253494510,1,1,0,1,2126,-1190,-2570,644,451,1844,100,Yone,Volibear,Malphite,Tristana,Leona,Nasus,Nocturne,Akshan,Caitlyn,Velkoz
NA1_4251524241,1,0,0,1,669,-3010,-1482,1029,1082,1676,200,Sion,Trundle,Akali,Sivir,Zilean,Shen,MasterYi,Vladimir,Ezreal,Blitzcrank
NA1_4250614348,0,2,0,0,2274,-404,881,-1923,-1866,1727,200,Sett,Nocturne,Neeko,Zeri,Nautilus,Tryndamere,Graves,Volibear,Kaisa,Karma
NA1_4251738976,2,0,1,0,-449,-1424,-1330,601,530,2255,200,Singed,Diana,Viktor,Lucian,Nami,Aatrox,Nocturne,Chogath,KogMaw,Janna
NA1_4260646316,1,1,1,0,184,-1153,-890,-934,-826,1668,200,Akali,Garen,Fizz,Jinx,Karma,Mordekaiser,MasterYi,Nasus,Ezreal,Lux
NA1_4251525094,0,1,0,1,-249,-706,175,642,169,1267,100,Yone,Nocturne,Orianna,Vayne,Zilean,Singed,Nidalee,Rumble,MissFortune,Bard
NA1_4259514795,0,2,0,0,2373,554,-1968,148,748,1670,200,Singed,LeeSin,Syndra,Kaisa,Pyke,TahmKench,Nunu,Yone,Xayah,Senna
NA1_4246899795,1,1,0,0,196,-1700,275,-193,314,2189,200,Riven,Shyvana,Zoe,Lucian,Zilean,Poppy,Nocturne,Azir,Vayne,Karma
NA1_4247181488,0,1,0,1,-689,-98,-211,520,-239,1580,200,Ornn,Zac,Viktor,Jinx,Lulu,Jax,Diana,Akshan,Zeri,Nami
NA1_4251406398,2,0,0,0,2300,1622,-402,579,202,1688,100,Fiora,Zed,Ryze,Jhin,Nautilus,Garen,Kindred,Yone,Veigar,Lux
NA1_4250748175,1,0,1,0,387,997,906,-207,693,1735,100,Sett,Shyvana,Talon,MissFortune,Taliyah,Gangplank,Olaf,Teemo,Zeri,Senna
NA1_4238056494,1,0,0,1,3073,725,-431,1899,250,1281,100,Irelia,Teemo,Talon,Varus,Thresh,Darius,Sett,Annie,Vayne,Janna
NA1_4238978408,1,1,1,0,748,-282,-1720,826,345,2125,100,Fiora,Sejuani,Zed,Jinx,Renata,Viego,Sion,Katarina,MissFortune,Rakan
NA1_4249000541,1,0,1,0,-363,704,-208,2052,2079,1745,100,Singed,Hecarim,Kaisa,Ezreal,Lux,Sion,MasterYi,Yasuo,Vayne,Malphite
NA1_4250045067,0,1,0,0,930,604,1500,-761,-1573,1602,200,Gangplank,Rengar,Kaisa,Jinx,Nautilus,Urgot,Hecarim,Xerath,Lucian,Pyke
NA1_4242391684,1,1,0,0,-2393,929,-1634,1039,455,2000,200,Yone,MasterYi,Brand,Jhin,Rell,Akshan,Kayn,Garen,Vayne,Thresh
NA1_4252865677,0,1,0,0,-316,-2077,-1038,1651,-442,1968,200,Urgot,Evelynn,Kayle,Aphelios,Braum,Lulu,MasterYi,Kaisa,Caitlyn,Veigar
NA1_4255822906,1,0,0,0,-389,38,-87,2128,844,1649,100,Singed,Sejuani,Irelia,Jhin,Karma,Camille,Volibear,Akali,Twitch,Soraka
NA1_4256437844,0,1,1,0,-695,1904,-952,-395,-436,1964,200,Irelia,Kindred,Orianna,Ezreal,Soraka,Yasuo,Ekko,Vladimir,Caitlyn,Nami
NA1_4246901682,0,2,1,0,3210,-1948,-84,-159,-312,1955,200,Sion,LeeSin,Zeri,Caitlyn,Zyra,Gangplank,Kayn,Anivia,Ezreal,Thresh
NA1_4260518922,0,2,1,0,-110,-1119,857,-3125,1169,1821,200,Nasus,Pantheon,Fizz,Aphelios,Soraka,Fiora,Viego,Veigar,Jhin,Leona
NA1_4252886028,1,1,1,0,-475,-1870,-867,909,480,2157,200,Nasus,Vi,Kaisa,Samira,Nautilus,Jhin,Graves,Ekko,Jinx,Galio
NA1_4253492527,2,0,0,1,231,2801,-964,-710,-1081,1698,100,Yorick,Viego,Kaisa,Kalista,Nautilus,Gnar,Graves,Kassadin,Veigar,Ziggs
NA1_4247056451,1,1,1,0,1135,986,2622,-908,-750,1231,100,DrMundo,Diana,Yasuo,Ashe,Soraka,Sion,Vi,Malzahar,Kaisa,Pantheon
NA1_4242259979,0,1,1,0,1940,-1517,2115,-279,242,2001,200,Sett,RekSai,Velkoz,Lucian,Yuumi,Shen,Khazix,Shaco,Kaisa,Lulu
NA1_4259050259,1,0,1,0,1352,2804,1133,-2519,-893,1567,200,Garen,MasterYi,Viktor,Lucian,Rell,Gangplank,LeeSin,Sylas,Kaisa,Blitzcrank
NA1_4249615644,0,1,1,0,3008,3107,-844,310,210,1508,100,Kennen,Kindred,Tristana,Aphelios,Braum,Kalista,RekSai,Yone,Ezreal,Karma
NA1_4259201050,0,2,1,0,-1209,-1463,1863,-574,-371,2203,200,Zilean,Kayn,Yasuo,Caitlyn,Yuumi,Camille,Udyr,Chogath,Kalista,Morgana
NA1_4240496771,1,1,0,0,-461,229,-1475,525,-340,2347,200,Yasuo,Kayn,Katarina,Quinn,Renata,Jayce,Volibear,Jhin,Velkoz,Pyke
NA1_4238531146,0,1,0,1,-1534,-1437,-1423,606,-121,1892,200,Garen,Evelynn,Khazix,Ezreal,Lux,Kayle,Viego,Yasuo,Caitlyn,Soraka
NA1_4235746194,0,1,1,0,2763,787,928,-859,-2216,1860,100,Volibear,Nidalee,Qiyana,Sivir,Lulu,Teemo,Sejuani,Zoe,Ezreal,Pyke
NA1_4236227229,0,1,1,0,0,0,0,0,0,808,200,Sylas,Vi,Sion,Jinx,Yuumi,Graves,Zac,Qiyana,Yasuo,Pyke
NA1_4236284362,0,2,0,1,-133,-296,-2982,-1323,1883,1381,200,Gnar,Hecarim,Katarina,Kaisa,Heimerdinger,Yone,Diana,Viktor,Tristana,Syndra
NA1_4250691811,1,0,0,0,-1575,-1012,530,456,-423,1641,200,Yone,Jayce,Corki,Sivir,Swain,Nasus,Hecarim,Kassadin,Jinx,Renata
NA1_4244559593,1,0,1,0,2805,43,-1303,-376,150,1661,200,Fiora,Hecarim,Ekko,Lucian,Thresh,Yone,DrMundo,Jayce,Jhin,Yuumi
NA1_4258927390,2,0,1,0,283,1886,290,2920,1924,1599,100,Khazix,Tryndamere,Annie,Jhin,Lissandra,Trundle,Ekko,Orianna,Jinx,Soraka
NA1_4250687450,1,1,0,0,-3020,167,-183,331,888,2458,100,Zac,Tryndamere,Yone,Zeri,Lux,Kled,Viego,Talon,KogMaw,Xerath
NA1_4258684249,1,0,1,0,959,418,1958,1099,1723,1872,200,Aatrox,Amumu,Yasuo,Tristana,Lux,Garen,Mordekaiser,Viktor,Jinx,Poppy
NA1_4252912701,0,1,0,1,-2805,232,170,-325,1321,2148,100,Sion,Ekko,Yasuo,Jinx,Senna,Darius,Shaco,Brand,Ezreal,Karma
NA1_4248483788,0,1,1,0,370,541,845,-530,-194,2855,100,TahmKench,Taliyah,Ahri,Jinx,Shaco,Teemo,Graves,Leblanc,Ezreal,Annie
NA1_4236331738,2,0,1,0,1375,-486,-3113,-252,499,2076,100,Renekton,Nocturne,Leblanc,Tristana,Galio,Yorick,Kindred,Lissandra,Ezreal,Nautilus
NA1_4253592690,1,1,1,0,1341,2048,1618,-1159,1841,1443,100,Jax,Graves,Anivia,Lucian,Renata,Gangplank,LeeSin,Swain,Sylas,Taric
NA1_4249259648,1,0,1,0,3062,1449,-421,-2262,-921,1798,100,Draven,Warwick,Ahri,Ashe,Nami,Volibear,Lillia,Ezreal,Kaisa,Pyke
NA1_4253486461,2,0,1,0,-1404,1720,2464,-1560,-361,1965,100,Camille,Diana,Kindred,Ziggs,Senna,Irelia,FiddleSticks,Qiyana,Ashe,Janna
NA1_4260864182,0,2,0,1,990,-460,-1063,898,1755,1367,100,Urgot,Viego,Kennen,Vayne,Morgana,Volibear,Graves,Qiyana,TwistedFate,Leblanc
NA1_4248586807,0,1,0,0,-1576,-1807,-1002,-816,-1495,2141,200,Gnar,Amumu,Malzahar,MissFortune,Renata,Rumble,XinZhao,Yasuo,Samira,Ornn
NA1_4243116287,0,1,1,0,1731,-782,-2638,-359,39,1286,200,Darius,JarvanIV,Karma,Vayne,Lulu,Urgot,Ekko,Zed,Ezreal,Nautilus
NA1_4236612469,0,1,1,0,1732,22,80,-2854,-3927,1376,200,Aatrox,Vi,Cassiopeia,Ezreal,Thresh,Riven,Hecarim,Orianna,Jinx,Zilean
NA1_4241227735,1,1,0,1,1085,-340,-2184,3084,2026,1436,100,Darius,Jax,Vex,Aphelios,Morgana,Urgot,Warwick,Sylas,Jhin,Sona
NA1_4260237200,1,0,0,1,-1217,-1189,27,216,1219,2032,200,Teemo,Zac,Velkoz,Tristana,Senna,Jax,Ekko,Brand,Samira,Galio
NA1_4247765150,0,1,1,0,704,317,-2213,-310,-38,1574,200,Jayce,Mordekaiser,Irelia,Xayah,Rakan,Darius,Udyr,Orianna,Caitlyn,Renata
NA1_4259826504,1,1,1,0,-369,744,1288,-2008,-1489,2107,100,Aatrox,Lillia,Corki,Vayne,Nami,Camille,Khazix,TwistedFate,MissFortune,Blitzcrank
NA1_4238428978,1,0,1,0,485,865,337,1827,1237,1667,100,TahmKench,Shaco,Irelia,Veigar,Zyra,Vladimir,MasterYi,Lux,Vayne,Braum
NA1_4241879530,0,2,1,0,-1625,-386,-1997,74,447,1940,200,Nasus,Mordekaiser,Veigar,Ezreal,Pyke,Sion,Graves,Ryze,Kaisa,Karma
NA1_4242533754,0,1,0,1,-3525,-702,-254,1701,509,2152,200,Ornn,Graves,Corki,Varus,Nautilus,Aatrox,Trundle,Orianna,Sivir,Shaco
NA1_4245225374,0,2,0,0,-2355,-297,-51,-147,-811,1289,200,Volibear,Nocturne,Jayce,Ashe,Blitzcrank,Illaoi,Hecarim,Sylas,Vayne,Lux
NA1_4241246626,1,1,1,0,211,1408,2686,-853,-13,2178,100,Vladimir,MasterYi,Ahri,Twitch,Janna,Urgot,Kindred,Lux,Lucian,Pyke
NA1_4242024028,0,2,0,1,-223,325,327,-2136,-256,1536,200,Illaoi,Viego,Viktor,Kaisa,Thresh,Volibear,Hecarim,Zoe,Jinx,Teemo
NA1_4253500240,0,1,0,1,726,-469,-721,-3176,-1401,1547,200,Fiora,Poppy,Ahri,Ezreal,Amumu,Vayne,LeeSin,Yone,Samira,Nautilus
NA1_4249686090,1,0,1,0,3761,1958,414,365,932,1488,100,Graves,LeeSin,Fizz,Zeri,Lux,Urgot,Rammus,Qiyana,Draven,Nautilus
NA1_4249724270,1,0,0,1,-306,348,493,-1724,-596,1869,200,Sion,MasterYi,Yone,Ezreal,Sona,Aatrox,Lillia,Malzahar,Zeri,Leona
NA1_4259613536,1,0,0,0,500,569,-950,3026,129,1799,100,Shen,Hecarim,Yasuo,Tristana,Nautilus,Gangplank,MasterYi,Akali,Vayne,Yuumi
NA1_4244997035,1,1,0,0,331,2025,15,847,935,1374,100,Trundle,Shaco,Yone,Jhin,Velkoz,Garen,XinZhao,Mordekaiser,Aphelios,Sona
NA1_4238912572,1,1,0,1,2964,-82,-2176,676,-48,1638,100,Sett,Ivern,Yasuo,Draven,Brand,Jayce,Jax,Katarina,Veigar,Yuumi
NA1_4248242407,0,2,0,1,1832,-1606,-259,-234,33,1495,200,Fiora,Morgana,Tristana,Jhin,Seraphine,Garen,Viego,Viktor,Jinx,Karma
NA1_4253759116,1,1,0,1,-1959,-953,100,1190,-192,2060,200,Mordekaiser,Rammus,Nidalee,Jhin,Thresh,Fiora,Vi,Malzahar,Jinx,Nami
NA1_4255872240,0,1,1,0,2148,1204,-1255,-1939,-866,2379,200,Gwen,Hecarim,Karma,Sivir,Lux,Gangplank,Nunu,TwistedFate,Draven,Volibear
NA1_4253875524,2,0,0,1,-1194,774,-437,-1109,-136,1816,200,Qiyana,Ivern,Zed,Kaisa,Braum,Teemo,Amumu,Orianna,Vayne,Blitzcrank
NA1_4244803597,1,1,0,1,-207,-750,-2144,-742,-735,2407,200,Illaoi,Kayn,Jayce,Vayne,Thresh,Garen,LeeSin,Orianna,Zeri,Nautilus
NA1_4260475006,2,0,1,0,1409,2719,2739,3035,1771,956,100,Trundle,Nocturne,Viktor,Samira,Nautilus,Graves,Rammus,Vex,Ashe,Braum
NA1_4238047686,0,1,1,0,1011,1233,992,-5,-297,1531,100,Gragas,Nocturne,TwistedFate,Jinx,Senna,Sett,Rammus,Viktor,Vayne,Swain
NA1_4255810631,1,1,0,1,-1805,1753,67,151,47,1965,100,Jax,Diana,Veigar,Kaisa,Thresh,Tryndamere,Graves,Ryze,Jhin,Teemo
NA1_4258419033,0,2,0,0,533,-1364,1254,-382,-419,1792,200,Kayle,Volibear,Karthus,Sivir,Janna,Pantheon,Graves,Vex,Caitlyn,Morgana
NA1_4235110820,1,1,1,0,-89,-404,818,777,885,1812,100,Fiora,Nunu,Ahri,Jhin,Zyra,MonkeyKing,LeeSin,Syndra,Sivir,Yuumi
NA1_4246674792,1,0,1,0,2042,520,-115,233,186,2444,100,Yorick,Hecarim,Leblanc,Ezreal,Morgana,Sion,Shaco,Ahri,Kaisa,Leona
NA1_4245717493,1,1,0,0,228,-803,-335,-584,775,2545,100,Gangplank,Mordekaiser,Sylas,Ashe,Pyke,TahmKench,Nocturne,Velkoz,Jhin,Brand
NA1_4237206449,0,2,1,0,769,-591,541,851,279,1334,100,Graves,MasterYi,Katarina,Jhin,Blitzcrank,Teemo,Udyr,Morgana,Jinx,Alistar
NA1_4248283828,1,1,0,0,478,-91,325,488,-790,1927,100,Shen,JarvanIV,Vex,Lucian,Xerath,Sett,Kayn,Sylas,Kaisa,Taliyah
NA1_4244751445,1,1,1,0,599,-1038,-1398,-632,271,2191,100,Darius,Vi,Akali,MissFortune,Senna,Mordekaiser,JarvanIV,Lissandra,Jinx,Morgana
NA1_4254193442,0,2,0,1,69,-1272,-457,-908,659,1641,200,Darius,Kindred,Veigar,Ziggs,Senna,Sion,Vi,Corki,Samira,Leona
NA1_4258201111,0,2,0,1,2462,-1276,-1577,-2169,-1376,1347,200,Aatrox,Warwick,Sylas,Ziggs,Nautilus,Fiora,Trundle,Cassiopeia,Jinx,MissFortune
NA1_4251401233,1,1,1,0,-1991,43,-889,259,-821,1759,200,Kayle,Shaco,Veigar,Jhin,Janna,Gnar,Sion,Galio,Ezreal,Brand
NA1_4244037778,1,1,0,1,-3751,-1650,1028,342,11,2122,200,Irelia,Morgana,Fizz,Lucian,Renata,Tryndamere,Khazix,Yone,Aphelios,Lux
NA1_4254590130,1,0,0,1,1335,1860,605,2379,950,1465,100,Neeko,XinZhao,Pyke,Samira,Alistar,Illaoi,Graves,Corki,Ezreal,Soraka
NA1_4235040390,1,0,0,1,1206,-337,-403,157,678,1698,100,TahmKench,Hecarim,Viktor,Xayah,Blitzcrank,Mordekaiser,Sejuani,Talon,Jinx,Zilean
NA1_4241091383,0,2,0,1,-1773,-2809,282,-252,-965,954,200,Graves,Skarner,Singed,Fizz,Braum,Riven,Elise,Ekko,Jinx,Senna
NA1_4257383924,0,1,0,1,-1575,1094,-3469,-1974,-526,1401,200,Fiora,Jax,Ahri,MissFortune,Zilean,Sett,MasterYi,Lux,Samira,Sylas
NA1_4244883178,1,1,1,0,1447,-1206,12,-372,-750,1518,200,Camille,Nunu,Katarina,Ashe,Janna,Trundle,MasterYi,Anivia,Ezreal,Nautilus
NA1_4259787848,0,1,1,0,2426,-2618,2653,-2391,-1335,1966,200,Sett,Viego,Ahri,Samira,Nautilus,Kayle,Garen,Sion,Sivir,Xerath
NA1_4244522018,0,2,0,1,2428,517,321,2812,408,1454,100,Gwen,JarvanIV,Zilean,Draven,Thresh,Jayce,Khazix,Brand,Vayne,Morgana
NA1_4253096372,2,0,1,0,816,2075,2582,303,-198,1269,100,Malphite,Hecarim,Yasuo,Sivir,Renata,Aatrox,TwistedFate,Gragas,Ezreal,DrMundo
NA1_4256297205,2,0,1,0,2982,357,2505,3187,141,1528,100,Graves,Warwick,Fizz,Caitlyn,Nautilus,Kayle,Viego,Veigar,Jhin,Karthus
NA1_4252505317,1,0,0,0,-1540,-85,32,2290,-223,1372,100,Malphite,Kindred,Ekko,Samira,Nautilus,Nasus,Kayn,Talon,Lucian,Karma
NA1_4256877049,1,0,0,0,1039,-1813,464,-2652,124,1378,200,Jayce,Poppy,Zed,Jhin,Janna,Twitch,Kayn,Katarina,MissFortune,Seraphine
NA1_4244281451,0,2,1,0,-573,-534,534,456,283,1742,200,Urgot,Morgana,Sylas,Tristana,Nautilus,Heimerdinger,Volibear,Viego,Ashe,Lux
NA1_4255658561,1,0,0,1,943,-308,-445,118,-353,1479,100,Nasus,Graves,Neeko,Xayah,Rakan,Shen,Rengar,Corki,Caitlyn,Leona
NA1_4238974458,0,2,0,1,-2579,-2817,-2355,-1395,-762,1261,200,Urgot,Sejuani,Nasus,Twitch,Nami,Mordekaiser,Graves,Ahri,Jhin,Blitzcrank
NA1_4246660835,2,0,0,1,-669,1464,294,-813,1114,1810,100,Vayne,Trundle,Zed,Ashe,Pyke,MonkeyKing,Warwick,Malphite,Lucian,Yuumi
NA1_4252670578,1,0,0,1,-198,799,213,-1269,572,1490,100,Garen,Hecarim,Swain,Jinx,Yuumi,Illaoi,Trundle,Qiyana,Samira,Soraka
NA1_4247134192,2,0,1,0,1145,2520,-21,269,2269,1500,100,Kennen,Warwick,Xerath,Tristana,Anivia,Vayne,JarvanIV,Syndra,Caitlyn,Soraka
NA1_4245075800,0,1,1,0,1252,-934,-301,-1394,-2431,1481,200,Jayce,Diana,Yasuo,Cassiopeia,Malphite,Gangplank,Khazix,Lux,Zeri,Morgana
NA1_4253548234,0,2,0,1,650,-1238,-294,1018,1107,1944,200,Aatrox,Jax,Leblanc,Vayne,Thresh,Quinn,Viego,Viktor,Zeri,Seraphine
NA1_4257255402,1,0,0,1,41,1178,1586,1049,-905,1563,100,Darius,Nocturne,Ekko,Aphelios,Nami,Aatrox,MasterYi,Zoe,Pyke,Veigar
NA1_4241842231,0,1,0,0,-884,-3573,400,1578,-277,1729,100,Volibear,Viego,Morgana,Xayah,Seraphine,Yone,Udyr,Akali,MissFortune,Senna
NA1_4256612788,1,0,1,0,-416,95,1185,-2851,-1476,1813,200,Sylas,Mordekaiser,MissFortune,Zeri,Janna,Camille,Hecarim,Ryze,Caitlyn,Blitzcrank
NA1_4246935952,1,1,0,1,372,-654,94,1991,2691,1519,100,Yasuo,Evelynn,Ryze,Jinx,Nami,Kayle,XinZhao,Kaisa,Jhin,Soraka
NA1_4253713107,1,0,0,1,-2328,-1540,156,-2664,-774,1210,200,Malphite,LeeSin,Kayle,Kaisa,Morgana,Pantheon,MasterYi,Veigar,Lucian,Taric
NA1_4238563363,2,0,1,0,282,-123,1413,-867,983,1983,200,Sion,LeeSin,Katarina,Jhin,Karma,Riven,JarvanIV,Akali,Twitch,Xerath
NA1_4245199972,1,0,0,1,-165,-568,-864,-422,257,1602,100,Jayce,Nocturne,Darius,Ashe,Renata,Quinn,Warwick,Vladimir,Vayne,Lulu
NA1_4250562694,0,2,0,1,-1103,-1173,-63,-1681,-376,1527,200,Gangplank,Shyvana,Lux,Kaisa,Senna,Sett,Trundle,Annie,Draven,Vex
NA1_4257019297,1,0,0,1,-449,-91,1823,2781,538,1468,100,Riven,Lillia,Yone,KogMaw,Seraphine,Sett,Hecarim,Vex,Twitch,Zilean
NA1_4251181506,2,0,1,0,-320,-1158,-1171,2547,1979,1642,100,Tryndamere,Volibear,Ahri,Kaisa,Karma,Heimerdinger,Nocturne,Viktor,Ezreal,Bard
NA1_4258273613,1,1,1,0,2621,34,-215,-1062,-504,1793,100,Vladimir,Khazix,Zed,Aphelios,Yuumi,Gragas,Graves,Talon,Zeri,Sona
NA1_4255071546,1,0,1,0,-71,535,2512,339,-159,1577,100,Shen,Volibear,Vex,Ezreal,Pyke,Camille,Talon,Kaisa,Ashe,Janna
NA1_4253962744,1,0,0,0,2529,-1018,-1803,-1712,224,1908,100,Sion,Shyvana,Lucian,Jinx,Alistar,Quinn,Graves,Zoe,Kaisa,Zilean
NA1_4258504974,1,0,1,0,298,1635,2096,643,1141,2084,200,Teemo,Hecarim,Ahri,Jinx,Sona,TahmKench,Kayn,Corki,Vayne,Soraka
NA1_4259850276,1,0,1,0,277,504,1157,1351,931,1148,100,Shen,Rengar,Sylas,MissFortune,Zyra,Vayne,Nunu,Ahri,Ashe,Morgana
NA1_4258650762,0,1,0,1,719,585,-106,-652,-382,2546,100,Ornn,Graves,Orianna,Ezreal,Blitzcrank,Teemo,MasterYi,Veigar,MissFortune,Thresh
NA1_4259381282,2,0,0,0,-1053,1237,4062,1198,820,1541,100,Malphite,Zac,Cassiopeia,Ezreal,Seraphine,Nasus,Graves,Syndra,Vayne,Nami
NA1_4235744317,0,1,0,0,-1357,-510,2472,-2335,-745,1904,200,Sion,Shaco,Viktor,Ashe,Bard,Vladimir,Rengar,Veigar,MissFortune,Nautilus
NA1_4257875961,0,0,0,1,2559,720,-1973,-1451,-418,1974,100,Akali,Kayn,Azir,Twitch,Lulu,Yone,Talon,Zed,Ezreal,Xerath
NA1_4255449165,0,2,0,1,-602,144,779,520,969,1756,100,Trundle,MasterYi,Kaisa,Veigar,Senna,Mordekaiser,Teemo,Vex,Lucian,Thresh
NA1_4244125618,2,0,1,0,316,1232,1220,551,939,1690,100,Ornn,RekSai,Katarina,Jhin,Thresh,Illaoi,LeeSin,Lux,Jinx,Braum
NA1_4237317408,0,0,1,0,709,336,1904,-20,527,1505,100,Camille,Poppy,Yone,Ezreal,Taliyah,Aatrox,Rammus,Yasuo,Caitlyn,Lux
NA1_4252974188,2,0,1,0,3747,2157,876,907,1383,1222,100,Tryndamere,Diana,Yasuo,Draven,Zyra,Renekton,JarvanIV,Viktor,MissFortune,Sona
NA1_4239685602,0,1,0,1,-2381,874,2846,-387,-134,2406,100,Malphite,Ekko,Pyke,Caitlyn,Nautilus,Nocturne,Mordekaiser,Ahri,Jinx,Lulu
NA1_4248235241,1,0,0,0,-375,-1240,1189,-2162,-650,1799,200,Graves,Diana,Pantheon,Jinx,Renata,Yone,Soraka,Nautilus,MissFortune,Zac
NA1_4238674961,1,0,1,0,3672,267,677,1143,875,1677,100,Tryndamere,Malphite,Yasuo,Varus,Blitzcrank,Illaoi,Khazix,Malzahar,Kaisa,Senna
NA1_4254347873,1,0,1,0,-1699,-453,-285,1993,1654,1962,100,Corki,Kindred,Qiyana,Caitlyn,Brand,Mordekaiser,Graves,Zoe,Kaisa,Rakan
NA1_4242059091,1,0,0,1,-3083,278,1726,1372,748,1737,100,Mordekaiser,LeeSin,Yasuo,Caitlyn,Thresh,Kled,Volibear,Kayle,Soraka,Vayne
NA1_4236956876,0,1,1,0,1975,212,3799,2971,282,1220,100,Sett,Evelynn,Jayce,Jhin,Velkoz,XinZhao,Shyvana,Leblanc,Ezreal,Blitzcrank
NA1_4247053617,1,0,0,1,-531,280,-3590,-1317,-1045,1744,200,Aatrox,Viego,Sylas,Ezreal,Pyke,Sett,Shaco,Lux,Tristana,Zyra
NA1_4248856236,0,1,1,0,-2856,-663,2134,89,2141,1985,100,Riven,Udyr,Veigar,Caitlyn,Karma,Renekton,Graves,Viktor,Tristana,Pyke
NA1_4251749581,2,0,1,0,1473,2344,-454,296,2116,1668,100,Teemo,Warwick,Lux,Vayne,Pyke,Darius,Amumu,Ryze,MissFortune,Zilean
NA1_4258486602,1,0,1,0,1396,-1088,1208,1683,13,1273,100,Tryndamere,Khazix,Neeko,Lucian,Yuumi,Jax,RekSai,Vladimir,Jinx,Braum
NA1_4255213133,0,2,1,0,313,-1370,-863,-479,1069,1926,200,Nasus,Vi,Tryndamere,Tristana,Zyra,Azir,Volibear,Yasuo,Samira,Leona
NA1_4248705936,0,2,1,0,-253,-542,-1830,-393,-623,1565,200,Sion,Skarner,Fizz,Tristana,Yuumi,Chogath,Graves,Veigar,Vayne,Senna
NA1_4253755817,1,0,1,0,3515,-220,571,-94,-77,1737,100,Kalista,MonkeyKing,Akali,Ezreal,Zyra,Aatrox,Trundle,Xerath,Zeri,Seraphine
NA1_4259158223,0,2,0,1,-4721,-1310,-5737,119,-2345,1184,200,Shen,Hecarim,Akali,MissFortune,Nami,Chogath,Nocturne,Pyke,Ezreal,Senna
NA1_4253267812,0,2,0,1,-1593,-2193,214,1508,225,1973,200,Tryndamere,Kayn,Zed,Kalista,Zoe,Volibear,Kindred,Yasuo,Zeri,Nami
NA1_4257777029,0,1,1,0,-79,-251,425,-1831,542,1492,200,Yorick,Ekko,Gangplank,Samira,Pyke,Kayle,RekSai,Akali,Caitlyn,Senna
NA1_4249983836,0,2,1,0,290,1929,345,683,80,2635,100,Yone,Nocturne,Diana,Jhin,Karma,Quinn,Shyvana,Ahri,Ezreal,Senna
NA1_4242524208,1,1,0,1,-3951,914,-148,452,-59,1333,200,Renekton,Kayn,Taliyah,Samira,Soraka,Camille,MasterYi,Gwen,Ashe,Alistar
NA1_4248796247,0,2,0,0,-1019,-1842,-180,-3398,-393,944,200,Malphite,XinZhao,Akshan,Vayne,Xerath,Gwen,Khazix,Viktor,Caitlyn,Nautilus
NA1_4241646665,0,1,1,0,50,-1629,-1076,499,619,2058,200,Yone,Vi,Syndra,MissFortune,Brand,Sett,Kayn,Qiyana,Kaisa,Lux
NA1_4254715187,1,0,0,1,1817,-573,792,-100,98,1687,100,Gangplank,MasterYi,Heimerdinger,MissFortune,Swain,MonkeyKing,LeeSin,Katarina,Caitlyn,Zyra
NA1_4238493437,1,0,0,0,-2032,415,-539,3568,934,1955,100,Malphite,Kayn,Yasuo,Jhin,Morgana,Garen,Amumu,Akali,Quinn,Xerath
NA1_4258441721,0,2,1,0,-1922,1732,796,-1341,-12,1775,200,Akali,LeeSin,Yone,Ziggs,Pyke,Gnar,Viego,Kayle,Samira,Renata
NA1_4259990478,0,1,0,1,-3049,-2312,-578,144,-2025,1434,200,Sylas,Urgot,Corki,Jhin,Blitzcrank,Riven,Nocturne,Velkoz,Samira,Nautilus
NA1_4258611243,0,2,1,0,1816,-1846,-2142,-2678,661,1552,200,Aatrox,Khazix,Tristana,Jinx,Brand,Ornn,Diana,Zed,Kaisa,Renata
NA1_4249562415,0,1,0,1,-373,-2122,-149,274,636,2327,200,DrMundo,Kindred,Kayle,Kalista,Trundle,Cassiopeia,Khazix,Zed,Veigar,Galio
NA1_4258083520,1,0,0,1,-4471,1761,897,-165,857,1487,200,Garen,Hecarim,Viktor,Vayne,Lux,Volibear,Warwick,Karthus,Lucian,Soraka
NA1_4244186021,1,0,0,0,665,1567,623,-1561,-954,1811,200,Jax,Kayn,Malzahar,Jhin,Senna,Graves,Hecarim,Azir,Caitlyn,Xerath
NA1_4253358217,1,0,1,0,77,1098,-928,1205,1603,1689,100,Vayne,Trundle,Diana,MissFortune,Lux,Quinn,Rammus,Ahri,Jhin,Xerath
NA1_4251017514,1,0,0,1,-792,-1041,-1039,-2179,227,1183,200,MonkeyKing,Zac,Qiyana,Chogath,Pantheon,Malphite,LeeSin,Veigar,Twitch,Lulu
NA1_4244987012,1,1,0,1,-183,-261,-565,1688,90,1824,100,Darius,LeeSin,Sylas,Vayne,Janna,Sett,Trundle,KogMaw,MissFortune,Zilean
NA1_4251496563,0,2,0,1,1006,-929,47,399,-773,2041,200,Singed,Vi,Lux,Tristana,Alistar,Ornn,Diana,Ziggs,Ezreal,Braum
NA1_4236184241,0,2,0,1,-3635,-2410,2031,-851,605,2028,200,Sett,XinZhao,Zed,Senna,Morgana,Volibear,Viego,Leblanc,Zeri,Soraka
NA1_4237221538,0,1,0,0,-37,-263,-126,-926,-823,2823,100,Teemo,Rammus,Viktor,Jinx,Soraka,Fiora,Hecarim,Fizz,MissFortune,Blitzcrank
NA1_4243382446,1,0,0,1,-2802,-1615,206,1737,-137,1509,200,Shen,MasterYi,Akshan,Tristana,Nautilus,Renekton,Viego,Nasus,Vayne,Seraphine
NA1_4249182479,0,1,0,0,-785,220,-1031,-4325,-591,1736,200,Garen,Graves,Annie,Vayne,Pyke,Darius,Zac,Malzahar,Sivir,Blitzcrank
NA1_4252702816,0,2,0,0,-1930,-1970,-1428,348,-285,1559,200,Malphite,Warwick,Leblanc,Jhin,Senna,Aatrox,Vi,Diana,Caitlyn,Lux
NA1_4260363496,1,0,0,0,-315,245,885,1867,764,2119,100,DrMundo,Khazix,Ziggs,Samira,Leona,Nasus,Amumu,Xerath,Jhin,Karma
NA1_4245060078,0,1,0,0,-1483,708,-2727,149,-547,1379,200,Yone,Rengar,Galio,Twitch,Nautilus,Riven,Amumu,Kayle,Jhin,Zyra
NA1_4245730007,0,2,0,1,1891,-1957,-1854,62,664,1483,200,Aatrox,Rammus,Malzahar,Ezreal,Blitzcrank,Akali,MasterYi,Syndra,Jinx,Alistar
NA1_4253714489,1,1,0,1,2735,560,-3518,278,-403,2295,200,Garen,Graves,Malphite,Ezreal,Lux,Fiora,Evelynn,Cassiopeia,Jhin,Renata
NA1_4244910354,1,0,0,1,1940,-1329,210,1948,467,1708,100,Akshan,Elise,Viktor,Vayne,Blitzcrank,Gangplank,Graves,Syndra,Draven,Senna
NA1_4238625640,0,2,1,0,3630,-758,-961,-371,1799,2188,200,Gangplank,Shaco,Katarina,Lucian,Pyke,Sett,Karthus,Xerath,Vayne,Morgana
NA1_4260191580,0,1,0,0,707,-510,145,-3149,537,2018,200,Sion,Graves,Yasuo,Samira,Senna,Teemo,Volibear,Fizz,Draven,Rakan
NA1_4236281284,0,1,1,0,-820,-1063,363,-552,-387,1916,100,Tryndamere,Sejuani,Zoe,Jinx,Xerath,Gnar,Ahri,Zac,Ezreal,Bard
NA1_4247041059,0,2,1,0,-1349,-348,689,-302,501,1765,200,Camille,Kindred,Xerath,Malzahar,Lux,Sett,Ekko,Corki,Ezreal,Maokai
NA1_4250455870,1,1,0,1,-7594,-2381,-1174,-1934,-2267,930,200,Ekko,Akali,Caitlyn,Zilean,Sett,Trundle,Zed,Jhin,Morgana,
NA1_4250700770,1,1,0,1,-2921,1846,-541,2751,74,1564,100,Urgot,Annie,Ekko,Kaisa,Karma,Irelia,Diana,Leblanc,Caitlyn,Janna
NA1_4258542703,2,0,0,1,-1433,589,800,858,374,2171,100,Mordekaiser,Kayn,Ahri,Jinx,Brand,TahmKench,LeeSin,Qiyana,Ezreal,Yuumi
NA1_4258956444,0,0,0,0,-2451,208,-1439,1313,572,2022,100,Veigar,Graves,Sylas,Ashe,Lulu,Darius,Ekko,Katarina,Jinx,Soraka
NA1_4237558742,0,2,1,0,1662,-982,-448,-1452,99,1337,200,Irelia,Hecarim,Yasuo,Caitlyn,Nami,Sion,Graves,Viktor,Kaisa,Blitzcrank
NA1_4239470719,0,1,0,0,-630,-625,-525,-1757,72,1214,200,Urgot,XinZhao,Akali,Twitch,Senna,Sion,Ekko,Qiyana,Jinx,Leona
NA1_4241017249,0,1,1,0,-831,-1127,-84,2362,1866,1953,100,Urgot,Diana,Sion,Zeri,Zyra,Aatrox,Trundle,Viktor,Varus,Syndra
NA1_4256966851,0,1,1,0,2738,1646,12,268,983,1568,100,Renekton,Ekko,Ahri,Draven,Senna,Camille,Hecarim,Akali,MissFortune,Lulu
NA1_4248143316,1,0,0,0,1018,1533,2349,-2308,1967,2021,100,Gangplank,Poppy,Vladimir,MissFortune,Senna,Urgot,Teemo,Katarina,Sivir,Soraka
NA1_4241028326,0,1,0,0,-222,1430,-2374,-1193,700,2015,100,Graves,Poppy,Orianna,Jhin,Lux,Brand,Khazix,Ahri,Tristana,Nami
NA1_4248971950,1,0,0,0,383,728,3357,69,645,1414,100,Kayle,Amumu,Fizz,Kaisa,Lux,Chogath,RekSai,Xerath,Draven,TahmKench
NA1_4257252476,1,1,0,0,1364,313,-1138,-1407,-1096,1621,200,TahmKench,Diana,Qiyana,Ezreal,Zilean,Camille,Khazix,Leblanc,KogMaw,Lux
NA1_4254934783,0,2,1,0,-828,1426,1486,262,77,1841,100,Lillia,Nocturne,Lux,Varus,Yuumi,Malphite,Vi,Orianna,Lucian,Nami
NA1_4255491620,0,1,0,0,0,0,0,0,0,626,200,Riven,Diana,Chogath,Jhin,Kayle,Kayn,Azir,Ezreal,Sona,
NA1_4243533035,1,0,0,1,-1140,-2053,-728,-760,-725,1025,200,Ornn,Graves,Morgana,Aphelios,Nautilus,Darius,Ekko,Fizz,Caitlyn,Soraka
NA1_4246714964,0,1,0,1,-308,-1858,20,-986,-750,1811,200,Sion,Kayn,Malphite,Jhin,Shaco,Vayne,Lillia,Talon,Samira,Nautilus
NA1_4256538804,1,1,1,0,3961,2892,-925,-615,-742,1920,200,Shyvana,LeeSin,Galio,Ezreal,Bard,Camille,Jax,Zed,Tristana,Leona
NA1_4246100912,1,1,0,1,-1748,101,2738,2173,-1345,1214,100,TahmKench,Olaf,Katarina,Jinx,Nami,Fiora,Khazix,Lux,Vayne,Velkoz
NA1_4259400452,1,0,0,0,496,-563,-1229,834,-30,1957,100,Yorick,Ivern,AurelionSol,Jhin,Pantheon,Garen,Graves,Sion,Samira,Nautilus
NA1_4252519618,2,0,1,0,371,-2302,-676,480,-135,1811,200,Quinn,Khazix,Yasuo,Senna,Blitzcrank,Garen,Diana,Malphite,Jinx,Leona
NA1_4253490669,0,1,1,0,-67,-203,-1002,-251,6,1847,100,Garen,Shaco,Ahri,Zeri,Yuumi,Yorick,Nocturne,Vladimir,Draven,Zyra
NA1_4255450687,0,1,1,0,1975,744,-1511,-525,509,1975,200,Yorick,Warwick,Mordekaiser,Jhin,Karma,Fiora,Teemo,Tryndamere,Kaisa,Nautilus
NA1_4244080743,0,1,0,1,-4329,-1579,-3322,845,224,925,200,Garen,Singed,Sylas,Jhin,Shaco,Aatrox,Trundle,Gangplank,Kaisa,Lux
NA1_4250713991,1,0,0,1,-2319,-1637,28,241,1,936,200,Malzahar,Rengar,Diana,Lucian,Sivir,Illaoi,Hecarim,Katarina,MissFortune,Zilean
NA1_4236906994,0,1,1,0,28,-3078,-1775,-1766,-316,1354,200,Garen,Lillia,Ekko,Zeri,Zyra,Jayce,Kayn,Ahri,Caitlyn,Janna
NA1_4249900821,0,2,0,1,30,1421,286,-2884,-2295,1831,200,Sion,FiddleSticks,Ahri,Ezreal,Sona,Malphite,Vi,Zilean,MissFortune,Senna
NA1_4239202698,2,0,1,0,3862,239,-783,807,-792,2065,100,Garen,Warwick,Vladimir,Senna,Lulu,Singed,Shyvana,Yasuo,MissFortune,Zyra
NA1_4249059722,1,0,1,0,554,-884,-1958,1913,1431,2159,100,Camille,Vi,Gragas,Jhin,Xerath,Tryndamere,Kayn,Malzahar,Singed,Yuumi
NA1_4237942686,1,1,1,0,1317,1132,501,-1041,-1791,1684,100,Yone,Udyr,Katarina,Jhin,Renata,Jinx,Trundle,Zoe,Camille,Pyke
NA1_4242239874,1,0,0,1,-296,223,-91,246,-645,1964,100,Jayce,Hecarim,Akali,Jinx,Nami,Volibear,Graves,Katarina,Jhin,Xerath
NA1_4240412462,0,2,0,1,-530,-950,-1319,-707,-1642,1845,200,Urgot,LeeSin,Xerath,Yasuo,Nautilus,Chogath,Hecarim,Vex,Twitch,Braum
NA1_4251976066,0,1,0,0,-732,510,-260,2162,1747,1459,100,Volibear,Kindred,Kaisa,Lucian,Yuumi,Darius,Shaco,Syndra,Ezreal,Soraka
NA1_4254981652,1,0,1,0,-911,2359,1634,3766,147,1392,100,TahmKench,LeeSin,Anivia,Draven,Brand,Fiora,Sejuani,Vex,Lucian,Seraphine
NA1_4235702960,1,1,1,0,2119,63,501,-1517,-185,1745,100,Yone,Hecarim,Talon,Kaisa,Brand,Malphite,Diana,Orianna,Twitch,Karma
NA1_4256511240,1,1,0,0,198,318,1368,525,33,1242,100,Jhin,Kindred,Sion,Sivir,Leona,Volibear,Amumu,Yasuo,Ashe,Soraka
NA1_4247087600,0,1,1,0,-26,279,2976,-2084,-936,1806,100,Yorick,Diana,Viktor,Jinx,Nami,Garen,Poppy,Zilean,Jhin,Thresh
NA1_4253623846,0,2,1,0,912,466,-846,-2061,-645,1273,200,Shen,Nocturne,Malzahar,Caitlyn,Blitzcrank,LeeSin,Warwick,Akali,Senna,Soraka
NA1_4235839665,1,0,1,0,1398,453,402,470,645,1557,100,DrMundo,Amumu,Ryze,Xayah,Yuumi,Jax,Trundle,Yone,Kaisa,Nautilus
NA1_4242196098,1,0,0,1,-333,1828,-905,604,-1142,1948,100,Graves,Ekko,Ahri,Zeri,Ashe,Chogath,Khazix,Veigar,Caitlyn,Varus
NA1_4252760236,0,2,0,0,1350,-1682,145,-2706,-104,1593,200,Irelia,Warwick,Viktor,Kaisa,Yuumi,Shen,Rengar,Kassadin,Caitlyn,Nautilus
NA1_4257660012,1,1,0,1,-1016,168,-191,-32,-738,1788,100,Irelia,Kayn,Vex,Ezreal,Yuumi,Sett,Graves,Ryze,MissFortune,Leona
NA1_4250385931,2,0,0,0,-463,997,-547,3730,-206,1567,100,Yone,Viego,Kaisa,Lucian,Pyke,Vayne,Nunu,Varus,Graves,Senna
NA1_4246451182,1,1,1,0,-17,1816,156,939,759,1973,100,Aatrox,Shyvana,Lucian,Jhin,Lux,Mordekaiser,Shaco,Syndra,Kaisa,Nautilus
NA1_4253431012,1,0,1,0,4421,3,2418,-117,-148,1140,100,Tryndamere,Shaco,Zed,Samira,Alistar,Kayle,Galio,Akshan,Lucian,Ekko
NA1_4238543113,1,1,0,1,1109,1341,-2144,-1114,-1382,2718,200,Irelia,Diana,Zoe,Kaisa,Shen,Illaoi,FiddleSticks,Tristana,Jinx,Renata
NA1_4238794837,1,0,0,1,687,-939,-1189,696,915,1962,200,Darius,Kayn,Katarina,Lucian,Nami,Camille,Viego,Kennen,Zeri,Galio
NA1_4247797935,1,0,1,0,-1734,1120,312,-2521,-838,2320,100,Warwick,Graves,Syndra,Zeri,Zilean,Riven,Diana,Kaisa,Jinx,Morgana
NA1_4253472442,1,1,0,0,451,1974,-165,2213,362,1563,100,Riven,Nocturne,Kayle,Twitch,Yorick,Gangplank,JarvanIV,Lux,Jinx,Lulu
NA1_4255649279,0,1,1,0,-1229,178,592,704,327,2534,200,Volibear,FiddleSticks,Akshan,Irelia,Soraka,Ornn,Nunu,Galio,Yasuo,Nami
NA1_4260676789,1,1,1,0,455,576,-714,-1687,-804,1963,100,Camille,Diana,Xayah,Lucian,Nautilus,Vayne,Hecarim,Karthus,Tristana,Morgana
NA1_4254856042,2,0,1,0,4632,2663,2042,626,1200,1327,100,Gangplank,Lillia,Rumble,Draven,Zyra,MonkeyKing,Graves,Yasuo,Irelia,Yuumi
NA1_4244128490,1,0,0,1,-1344,-783,-1573,-1751,-524,1568,200,Teemo,Ekko,Akshan,Kaisa,Senna,Gnar,Shaco,Xerath,Twitch,Nautilus
NA1_4254971857,1,1,0,1,1300,-1018,1125,-435,-120,1847,100,Riven,Karthus,Akshan,Caitlyn,Morgana,Garen,LeeSin,Anivia,Jhin,Karma
NA1_4253198554,0,1,1,0,2387,-208,75,-265,-460,2725,100,Yasuo,Evelynn,Karma,Jhin,Shen,Yorick,Karthus,Katarina,Kaisa,Zyra
NA1_4250859474,2,0,1,0,-27,688,1880,675,817,2496,200,Garen,RekSai,Brand,Jhin,Karma,Akali,Kayn,Yone,Ezreal,Seraphine
NA1_4235915395,0,1,0,0,305,-1747,984,-1081,-266,1405,200,Jayce,Nocturne,Ryze,Jhin,Karma,Vladimir,Elise,Lux,Zeri,Taliyah
NA1_4258050096,0,2,0,1,-411,-1022,-2568,-2264,-2090,1546,200,Shen,Kayn,Vladimir,MissFortune,Zac,Camille,Trundle,Sylas,Jinx,Swain
NA1_4255957502,0,1,0,0,-387,-475,-608,-2650,-971,2011,200,Kennen,Rengar,FiddleSticks,Vayne,Sona,Akshan,Zac,Lucian,MissFortune,Seraphine
NA1_4249850337,0,2,1,0,-1098,-413,492,-225,69,2176,100,Kayle,Kayn,Yasuo,Veigar,Zilean,Fiora,Khazix,Anivia,Sivir,Lux
NA1_4260428307,0,2,0,1,-301,-990,-1619,-894,-479,1548,100,Sion,Ekko,Xerath,Ezreal,Sona,Riven,Nunu,Neeko,Vayne,Leona
NA1_4253283782,1,1,1,0,-3280,-1316,-642,291,-1181,1720,100,RekSai,Kayn,Veigar,Vayne,TahmKench,Yorick,Darius,Jayce,Jinx,Renata
NA1_4260520537,2,0,0,1,224,137,171,2263,-212,1689,100,Malphite,LeeSin,Kassadin,Lucian,Renata,Chogath,Viego,Fizz,Jinx,Nautilus
NA1_4247745078,2,0,1,0,451,2248,2891,2821,1980,1082,100,MonkeyKing,LeeSin,Fizz,Ezreal,Soraka,Nasus,Khazix,Irelia,Jhin,Veigar
NA1_4252572796,2,0,0,1,-1537,26,1849,-195,-780,1982,200,Garen,Khazix,Leblanc,Ashe,Sona,Graves,Zac,Vex,Samira,Blitzcrank
NA1_4234839337,0,1,0,0,-1825,-755,723,1080,1416,1694,100,DrMundo,Kindred,Irelia,Xayah,Ahri,Akshan,LeeSin,Lux,Vayne,Renata
NA1_4244082145,0,1,0,0,1512,378,2784,222,301,1640,100,Volibear,Kayn,Ahri,Twitch,Thresh,Darius,Nocturne,Veigar,Jhin,Xerath
NA1_4249743117,0,2,0,1,1329,-191,-475,58,-355,2087,100,Camille,Vi,Veigar,Sivir,Lux,Chogath,Shyvana,Sylas,Senna,Galio
NA1_4235064378,1,1,0,1,-1566,-1016,-609,-352,336,1591,200,Irelia,Amumu,Akshan,Samira,Brand,Gangplank,Warwick,Sylas,Jinx,Renata
NA1_4239504900,1,1,1,0,2094,1427,-709,57,410,1911,100,Illaoi,Nunu,Viktor,Jinx,Pyke,Akali,Kindred,Veigar,Aphelios,Karma
NA1_4252129854,2,0,0,0,760,-2702,-113,-1566,1112,1629,200,Aatrox,Viego,Veigar,Vayne,Pyke,Sion,Mordekaiser,Talon,Twitch,Renata
NA1_4242357602,1,0,1,0,191,-2445,68,1480,-718,2153,200,Rammus,Gangplank,Diana,Jinx,Nautilus,Sion,Khazix,Lissandra,Kaisa,Nami
NA1_4236182362,1,0,0,1,-2054,-556,-2291,1267,-330,2255,200,Aatrox,Kayn,Ahri,Zeri,Sona,Fiora,Amumu,Zed,Jhin,Lux
NA1_4235881775,1,0,0,1,-1156,24,1384,-580,1384,1919,100,Aatrox,Diana,Velkoz,Senna,TahmKench,LeeSin,Shaco,Azir,Kaisa,Soraka
NA1_4254915589,1,0,0,1,4214,381,461,589,826,1177,100,Volibear,Khazix,Veigar,Jinx,Lulu,Nasus,Diana,Annie,Ezreal,Leona
NA1_4238844667,1,1,0,1,1621,-515,-26,-658,-345,1647,100,Mordekaiser,Trundle,Anivia,Jhin,Renata,TahmKench,Nunu,Ekko,Tristana,Brand
NA1_4244448738,1,1,0,1,759,-4,767,619,515,1929,100,Mordekaiser,LeeSin,Diana,Kaisa,Brand,DrMundo,Khazix,Twitch,Ezreal,Soraka
NA1_4252643227,0,2,1,0,-154,-1232,-2401,-907,-723,1244,200,Gangplank,Kindred,Anivia,Sivir,Morgana,Malphite,Hecarim,Yasuo,Syndra,Ashe
NA1_4252886204,0,1,0,1,-2743,-1503,-234,-521,-663,1763,200,Renekton,Evelynn,Lux,Zeri,Pyke,Fiora,Hecarim,Qiyana,MissFortune,Seraphine
NA1_4243169775,2,0,1,0,624,704,-67,3533,2496,1386,100,Tryndamere,XinZhao,Yone,Zeri,Karma,Garen,Nunu,Veigar,KogMaw,Sona
NA1_4237829350,1,1,1,0,2390,363,-547,-745,-2093,1880,200,Jax,XinZhao,Ahri,Caitlyn,Nami,Yorick,Shaco,Vex,Ashe,Neeko
NA1_4255709365,1,0,0,1,-1263,47,89,-272,-181,1852,200,Aatrox,Nunu,Malzahar,Lucian,Blitzcrank,Sett,Ekko,Zoe,Jinx,Alistar
NA1_4254269795,1,0,0,0,-559,884,-145,2001,744,1506,100,Gwen,Rengar,Viktor,Jhin,Soraka,Garen,Graves,Sion,Ezreal,Karma
NA1_4251216204,2,0,0,0,456,181,-707,-920,54,1784,100,Gangplank,Shaco,Neeko,Zeri,Yuumi,Kayle,Lillia,Lucian,MissFortune,Nami
NA1_4255497598,0,1,1,0,-683,-271,1209,-1640,88,1679,200,Urgot,Amumu,Yasuo,Draven,Lulu,Aatrox,Elise,Yone,Lucian,Nami
NA1_4258320129,0,1,1,0,-2790,1471,1007,95,-440,1429,100,Quinn,Diana,Katarina,Zeri,Leona,Aatrox,Rengar,Teemo,Jinx,Pyke
NA1_4251476870,1,0,0,0,-1309,197,1395,864,508,1782,100,Malzahar,Kayn,Ahri,Kaisa,Soraka,Urgot,Poppy,Anivia,Samira,Thresh
NA1_4258912463,0,2,0,1,-741,-1250,-1400,-4734,75,1235,200,Sett,Kayn,Akali,Ezreal,Veigar,Jayce,Nocturne,Ahri,Sivir,Nautilus
NA1_4254743571,2,0,1,0,1326,3816,263,2943,322,1398,100,Sett,XinZhao,Orianna,Samira,Blitzcrank,Riven,Rengar,Irelia,Veigar,Senna
NA1_4257892191,1,1,1,0,-413,-1524,1502,1514,1188,2038,200,Yasuo,Nunu,Yone,Twitch,Brand,Mordekaiser,Viego,Azir,Jinx,Rakan
NA1_4255282162,0,0,0,1,466,-1317,1248,-3080,-1415,1312,200,Kled,Trundle,Pyke,Zeri,Soraka,Riven,XinZhao,Ahri,Tristana,Senna
NA1_4253746504,0,1,0,1,1804,-1468,-1207,-763,-232,1709,200,Gangplank,Ekko,Karma,Jinx,Nautilus,Renekton,JarvanIV,Yone,Kaisa,Soraka
NA1_4253301334,1,0,1,0,208,930,912,-1526,-1264,1418,200,Warwick,Zac,Ahri,Samira,Rakan,Gnar,Graves,Seraphine,Jhin,Nautilus
NA1_4259080739,0,2,0,0,190,-424,-824,394,-1062,2116,100,Nasus,Kindred,Xerath,Twitch,Darius,Camille,Shaco,Ryze,Jhin,Lux
NA1_4250713430,1,1,0,0,-3198,1148,-141,-85,790,2050,200,Fiora,Lillia,Veigar,MissFortune,Leona,Garen,Viego,Ahri,Vayne,Seraphine
NA1_4248706175,0,2,0,1,581,-1623,-1333,1097,391,2286,100,Sett,Lillia,Ahri,Samira,Nautilus,TahmKench,Volibear,Lux,Jinx,Morgana
NA1_4234705681,2,0,0,0,-385,333,1110,2807,185,1331,100,Sion,Udyr,Yone,Kalista,Blitzcrank,Volibear,Vi,Viktor,Lucian,Renata
NA1_4257546250,1,1,0,1,-598,-209,-183,638,-377,1798,200,Teemo,LeeSin,Viktor,Zeri,Karma,Fiora,Lillia,Irelia,Ezreal,Bard
NA1_4259469824,0,2,1,0,1007,-97,-1009,-661,-106,1892,200,Kaisa,Nunu,LeeSin,Kayle,Zilean,Teemo,Hecarim,Corki,Jhin,Nautilus
NA1_4253759506,1,1,1,0,-3009,-824,-426,-961,-793,1037,200,Katarina,Ekko,Vayne,Jhin,Nautilus,Lucian,Amumu,Sylas,Aphelios,Thresh
NA1_4246642485,1,1,0,0,-613,-738,1508,378,-92,2231,100,Jax,Hecarim,Fizz,MissFortune,Leona,Irelia,MasterYi,Singed,Ezreal,Maokai
NA1_4259080361,1,0,1,0,502,-869,1913,1101,-367,1955,100,Gangplank,Nunu,Kaisa,Twitch,Nami,Garen,Lillia,Viktor,MissFortune,Rell
NA1_4252188689,1,0,0,0,-1342,-1322,168,1604,36,1955,100,Sion,FiddleSticks,Ahri,Kaisa,Karma,Gwen,Kindred,Orianna,Seraphine,Senna
NA1_4257936614,1,1,0,1,970,-509,-1406,3291,1299,1962,100,Gangplank,Udyr,Ahri,Twitch,Nami,Kayle,Rengar,Viktor,Jinx,Xerath
NA1_4245408269,1,0,1,0,693,375,883,-607,-369,2053,100,Warwick,Zyra,Kaisa,Zeri,Vi,Tryndamere,Shaco,Fizz,Jinx,Leona
NA1_4244074072,0,2,0,1,-911,-1333,388,-2015,-482,2392,100,Tryndamere,RekSai,Orianna,Jhin,Zilean,Irelia,Viego,Leblanc,Draven,Morgana
NA1_4248496950,0,2,0,1,-3153,67,-581,-297,-349,1788,200,Yorick,Kayn,Malzahar,Jhin,Swain,Tryndamere,Nunu,Zed,Lucian,Brand
NA1_4257717686,0,1,0,1,-2134,-131,-3916,-2632,-165,1147,200,Sett,Warwick,Leona,Kaisa,Senna,Garen,Zed,Rumble,MissFortune,Blitzcrank
NA1_4259178277,1,1,0,0,577,816,-731,1509,425,1874,100,Gragas,Udyr,Velkoz,Jhin,Blitzcrank,Kayle,Nunu,Neeko,Kaisa,Teemo
NA1_4248606912,0,1,1,0,4213,1700,2217,732,1135,1178,100,Aatrox,Kindred,Viego,Tristana,Yuumi,Kayle,Warwick,Ahri,MissFortune,Leona
NA1_4243372238,1,1,0,1,1444,1149,494,-66,80,1915,100,Gangplank,Pantheon,Malphite,Tristana,Karma,Ekko,Vi,Gwen,Yasuo,Senna
NA1_4253196909,0,1,1,0,-544,1390,1250,1423,1443,2028,200,Volibear,Vi,Mordekaiser,Lucian,Bard,Yorick,Hecarim,Akali,MissFortune,Blitzcrank
NA1_4243373638,1,1,0,1,-3243,-1495,-729,1310,621,1660,200,Shen,Ekko,Viktor,Draven,Nami,Darius,Hecarim,Ahri,Jhin,Nautilus
NA1_4244312770,0,2,0,1,-2824,-2112,1109,-2671,-558,1429,200,Camille,Malzahar,Ekko,Jinx,Morgana,Rumble,Diana,Zed,Ezreal,Karma
NA1_4255578828,1,0,0,1,-774,930,-626,-470,14,2078,100,Sett,Ekko,Irelia,Kaisa,Lux,Mordekaiser,Trundle,Malzahar,Zeri,Velkoz
NA1_4251080123,0,2,0,1,-1000,-1606,-1087,-1965,-1539,1374,200,Jax,Sejuani,Viktor,Jinx,Lux,Yorick,Nocturne,Kayle,Jhin,Karma
NA1_4246873438,0,1,1,0,-1877,343,-2767,2531,1476,1556,200,Garen,Kayn,Syndra,Ezreal,Nautilus,Sion,Graves,Talon,Kaisa,Brand
NA1_4259353267,0,1,1,0,782,154,25,615,-51,1339,100,Jayce,Trundle,Zyra,Vayne,Yuumi,Camille,Nasus,Zed,Swain,Renata
NA1_4260516026,0,1,0,1,-596,-1534,-629,-911,-45,1836,100,Yone,Vi,Ornn,Jinx,Veigar,Malzahar,Elise,Sion,Jhin,Xerath
NA1_4239465800,1,0,0,1,-1566,768,-340,-654,-50,2273,200,Sett,Viego,Yasuo,Veigar,Lux,Darius,FiddleSticks,Zoe,Zeri,Nautilus
NA1_4259188028,2,0,1,0,2542,1055,3018,4148,1140,933,100,MonkeyKing,Diana,Ahri,Kaisa,Senna,Kled,Hecarim,Veigar,Ezreal,Lux
NA1_4246270664,0,2,1,0,1807,-2421,-578,-1519,145,1909,200,Teemo,MasterYi,Lux,Lucian,Yuumi,Kaisa,Diana,Viktor,Caitlyn,Taric
NA1_4244552587,1,1,0,1,804,1092,-809,210,-821,1568,100,Fiora,Hecarim,Annie,Kaisa,Galio,Quinn,LeeSin,Diana,Samira,Zyra
NA1_4252132175,1,1,1,0,-984,150,1419,-802,-975,1964,200,Yone,Volibear,Akshan,Draven,Morgana,Sett,Zac,Diana,Samira,Lux
NA1_4246578322,0,1,1,0,583,1231,-854,-1142,-1246,1713,200,TahmKench,Khazix,Zeri,Kaisa,Soraka,Darius,Viego,Veigar,MissFortune,Zyra
NA1_4259181269,0,1,0,0,-195,-459,-493,58,-1332,1719,100,Gnar,Kindred,Lux,Samira,Leona,Ornn,RekSai,Vex,Ezreal,Zyra
NA1_4260733047,0,1,0,0,-494,-233,476,839,667,1813,100,Sett,Khazix,Katarina,Ziggs,Leona,Darius,Rammus,MasterYi,Jinx,Lux
NA1_4245237925,1,1,1,0,1751,773,447,2031,481,2461,100,Camille,Nocturne,Heimerdinger,Kaisa,Nautilus,Sett,Amumu,Sylas,Ezreal,Brand
NA1_4254687604,0,1,1,0,-782,2344,623,1664,-330,1252,100,Sett,Graves,Veigar,Sivir,Zyra,Urgot,Vi,Yasuo,Ezreal,Pyke
NA1_4241083657,2,0,1,0,2331,1430,2495,102,-40,2707,100,Sett,Udyr,Veigar,Cassiopeia,Lux,Singed,Khazix,Ahri,Jhin,Zyra
NA1_4247402975,1,0,1,0,1816,-327,-1118,-12,-284,1803,100,Kayle,Rammus,Akshan,Caitlyn,Pyke,Aatrox,Hecarim,Ryze,Vayne,Lux
NA1_4259689938,1,1,0,1,-2884,941,-364,-457,-574,1418,200,Akali,Khazix,Ezreal,Kalista,Nautilus,Irelia,Rammus,Katarina,Caitlyn,Rakan
NA1_4245996591,0,1,0,1,2728,-2450,1011,697,-812,2072,100,Gangplank,Khazix,Sylas,Kaisa,Brand,MonkeyKing,Ekko,Ahri,Aphelios,Thresh
NA1_4249628743,2,0,1,0,1897,1537,312,813,1020,1371,100,Sett,Nocturne,Kassadin,Zeri,Nautilus,Sion,Viego,Orianna,Samira,Leona
NA1_4249092470,0,1,0,0,793,-1538,-2163,-780,431,1691,200,Aatrox,Zac,Ahri,Caitlyn,Yuumi,Trundle,Olaf,Akali,Ashe,Morgana
NA1_4238702982,0,1,0,1,-3363,-632,-1167,-1301,-1395,1660,200,Yone,Kayn,Orianna,Samira,Bard,Sett,Hecarim,Veigar,Caitlyn,Morgana
NA1_4255748260,2,0,1,0,314,2184,1102,2235,1841,1263,100,Shen,Warwick,Zed,Kaisa,Lux,Akali,Vi,Zilean,Samira,Nami
NA1_4255370100,1,0,0,0,-486,-479,757,678,6,1571,200,Malphite,Hecarim,Vladimir,Lucian,Bard,Tryndamere,Kayn,Veigar,Kaisa,TahmKench
NA1_4258096253,0,1,0,1,-926,-1942,-416,-150,239,1482,200,Fiora,Graves,Ekko,Jinx,Lux,Samira,RekSai,Veigar,Ezreal,Soraka
NA1_4247086599,0,2,0,1,62,495,-422,-3473,-2566,1268,200,Darius,Nocturne,Kassadin,Jhin,Zilean,Gwen,Graves,Zed,Zeri,Anivia
NA1_4260138680,1,0,0,1,205,520,-1943,-238,1140,1888,100,Viktor,Nasus,Zed,Twitch,Morgana,Camille,Gwen,Malphite,Jinx,Pyke
NA1_4250613409,1,1,0,1,-1062,-2537,-1462,488,1028,1613,100,Rumble,Viego,Kassadin,Draven,Brand,Aatrox,Udyr,Lux,Caitlyn,Leona
NA1_4258729232,0,2,0,1,-1189,-3962,-2100,-1234,-1688,1169,200,TahmKench,Warwick,Ekko,Jinx,Yuumi,Darius,Viego,Irelia,Jhin,FiddleSticks
NA1_4245211571,0,1,0,0,1498,1556,636,629,313,2158,200,Aatrox,Shaco,Vladimir,Twitch,Brand,Gangplank,Kayn,Viego,Jinx,Janna
NA1_4243671783,0,2,0,0,-2350,-1560,-1614,-367,-905,1299,200,Gangplank,Amumu,Malzahar,Draven,Zilean,Teemo,Diana,Qiyana,Caitlyn,Lux
NA1_4249400987,0,2,0,1,-2357,759,-666,1493,1,1577,100,Malphite,MasterYi,Kaisa,Seraphine,Pyke,Yorick,Warwick,Zed,Jhin,Shaco
NA1_4242374975,2,0,1,0,-330,-107,498,6046,3839,1746,100,Jayce,Nunu,Qiyana,Draven,Swain,Quinn,Sion,Viktor,Aphelios,Lulu
NA1_4252094944,0,2,0,1,1016,-861,-389,-2966,-88,1411,200,Fiora,LeeSin,Yasuo,Teemo,Brand,Gangplank,Lillia,Ekko,Jinx,Nami
NA1_4246700204,2,0,1,0,814,-156,1246,-795,-483,1614,100,Darius,Viego,Akali,Jhin,Nami,Irelia,Karthus,Vex,Lucian,Pyke
NA1_4258937536,1,1,0,1,2081,1123,271,-2787,-166,2166,200,Darius,MasterYi,Akali,Jinx,Morgana,Sion,Volibear,Akshan,Caitlyn,Zyra
NA1_4245546379,0,1,1,0,1221,-1249,349,2438,1558,1830,200,Kayle,Trundle,Viktor,Samira,Lissandra,Fiora,MonkeyKing,Anivia,Veigar,Blitzcrank
NA1_4249088700,1,0,0,0,1571,695,327,-242,89,2197,200,Gnar,Poppy,Ahri,Twitch,Brand,Renekton,Zac,Akali,Lucian,Soraka
NA1_4255334869,1,0,0,0,-2037,854,-862,2040,-553,2501,200,Akali,JarvanIV,Vladimir,Senna,Soraka,Gangplank,Jax,MissFortune,Sivir,Janna
NA1_4248545018,0,2,1,0,287,-161,-764,-390,-685,1810,200,Fiora,Ekko,Qiyana,Kaisa,Lux,Irelia,Kindred,TwistedFate,Heimerdinger,Zilean
NA1_4253226315,1,0,0,1,0,0,0,0,0,715,200,Chogath,Udyr,Katarina,Lucian,Nami,Renekton,RekSai,Veigar,Jhin,Velkoz
NA1_4248590633,1,0,1,0,1591,1946,1273,4153,1657,982,100,Shyvana,JarvanIV,Zoe,Caitlyn,Leona,Urgot,Kayn,Brand,Jinx,Blitzcrank
NA1_4237177346,0,2,1,0,-37,1190,-396,122,350,2315,100,Quinn,Shaco,Rumble,Jhin,Karma,Yone,Diana,Zoe,Kaisa,Nautilus
NA1_4255430352,1,1,0,1,-573,447,-309,-2691,-3298,1766,200,Zac,Zed,Malzahar,Ezreal,Yuumi,Tryndamere,Evelynn,Vex,Tristana,Neeko
NA1_4259323693,1,0,1,0,-447,3661,3072,-1250,-853,1195,100,Ryze,RekSai,Rumble,Vayne,Janna,Camille,LeeSin,Viktor,Kalista,Senna
NA1_4248018719,0,0,1,0,-2335,-894,-900,-763,1305,1817,200,Volibear,Khazix,Yasuo,Jinx,Maokai,Yorick,Ekko,Anivia,Kaisa,Renata
NA1_4237447530,1,1,0,1,-3980,-1616,153,-987,190,1422,200,Maokai,LeeSin,Ekko,Caitlyn,Shaco,Tryndamere,Shyvana,Neeko,Lucian,Brand
NA1_4248847236,0,1,1,0,-1211,-936,-1139,-802,-1431,2164,200,Mordekaiser,FiddleSticks,Veigar,Varus,Pyke,Soraka,Malzahar,Caitlyn,Nocturne,Lux
NA1_4239015035,0,0,0,0,0,0,0,0,0,673,100,Jax,Trundle,Viktor,Veigar,Yuumi,Zeri,Kayle,Zoe,Yasuo,Sona
NA1_4240303790,1,0,1,0,1686,1370,894,-444,95,2203,200,Akali,JarvanIV,Varus,Sona,Senna,Nasus,Rammus,Gragas,Kaisa,Nautilus
NA1_4257959744,1,0,0,0,3975,173,-706,1755,742,1577,100,Irelia,Shaco,Veigar,Jhin,Nami,Kayle,Diana,Zed,Caitlyn,Swain
NA1_4247392678,1,0,0,1,2575,-2675,434,-1125,-1547,1479,200,Akshan,RekSai,Malzahar,Tristana,Pantheon,Aatrox,Skarner,Caitlyn,Orianna,Janna
NA1_4259179502,1,0,0,1,-2396,620,1825,1225,-186,1391,100,Camille,LeeSin,Vex,Zeri,Velkoz,Riven,Viego,Viktor,Jhin,Pyke
NA1_4244166979,0,1,1,0,709,1128,306,2012,1089,2083,200,Shen,Olaf,Orianna,Jinx,Leona,Chogath,Zac,Irelia,Varus,Blitzcrank
NA1_4260506055,1,0,0,1,-1718,723,-816,330,200,1803,100,Nasus,Lillia,Akshan,Twitch,Pyke,Olaf,Nocturne,Irelia,Samira,Nautilus
NA1_4250680179,1,0,0,0,490,-1955,-725,-517,-282,2425,200,Gnar,Karthus,Yone,Twitch,Senna,Graves,MasterYi,Annie,Ashe,Soraka
NA1_4254149684,1,0,1,0,-218,-292,1172,785,-521,2339,200,Sion,Trundle,Yasuo,Vayne,Pyke,Illaoi,Shyvana,Irelia,Lucian,Alistar
NA1_4257021440,0,2,0,0,-1391,-1143,-123,-1285,10,1616,200,Urgot,MasterYi,Annie,Samira,Leona,Riven,Nunu,Malzahar,Caitlyn,Bard
NA1_4240338666,0,1,0,1,-756,-1243,331,1776,739,1721,200,Garen,Udyr,Akali,Samira,Nautilus,Ryze,Graves,Sylas,Jinx,Rakan
NA1_4246420761,2,0,0,0,2242,-90,702,373,-137,1519,100,Riven,Amumu,Akali,Vayne,Janna,Nasus,Hecarim,Lucian,Senna,Pyke
NA1_4248072389,1,0,0,1,4044,2647,-139,-1354,-297,1680,100,Trundle,Viego,Ryze,Ezreal,Lux,Urgot,Kayn,Yasuo,Caitlyn,Seraphine
NA1_4246632533,1,1,1,0,1915,1338,184,-2991,-128,1780,100,Yorick,Viego,Ahri,Karthus,Renata,Fiora,Rengar,Anivia,Draven,Thresh
NA1_4251828677,1,0,1,0,264,-1089,-2780,1334,1634,1711,200,Shen,Viego,Anivia,MissFortune,Xerath,Garen,Trundle,Lucian,Samira,Velkoz
NA1_4258227935,2,0,1,0,-1258,1387,157,-499,1227,1946,200,LeeSin,Warwick,FiddleSticks,Kaisa,Xerath,Garen,JarvanIV,Teemo,Zeri,Sona
NA1_4253420443,0,2,0,1,678,-1063,-2953,-1975,-708,1584,200,Yorick,Kayn,Yasuo,Jinx,Soraka,Garen,Khazix,Zed,Vayne,Blitzcrank
NA1_4242471238,0,2,0,1,-370,-2229,-329,369,399,2168,200,Garen,Ekko,Yasuo,Kaisa,Lulu,Nasus,MasterYi,Annie,Vayne,Brand
NA1_4242216372,0,2,0,1,-2654,-199,-1876,-1966,-619,1236,200,Jayce,Hecarim,Veigar,Tristana,Nami,Tryndamere,Graves,Viktor,Jhin,Nautilus
NA1_4259809439,0,1,0,0,396,1755,-1670,234,-726,1918,100,Malphite,Diana,Pantheon,Kaisa,Nautilus,Fiora,Shaco,Lissandra,Ezreal,Janna
NA1_4259108310,2,0,0,0,2310,-1101,-62,1456,483,1562,100,Pantheon,Viego,Orianna,Ezreal,Senna,Aatrox,Warwick,Cassiopeia,Samira,Nami
NA1_4259875081,1,1,1,0,-209,-1260,-711,897,452,1621,200,Swain,Khazix,Vayne,Ashe,Soraka,Kayle,Talon,Lucian,Jinx,Braum
NA1_4244066751,1,0,0,0,307,-1114,232,-330,651,1651,200,Yorick,Khazix,Lux,MissFortune,Alistar,Garen,Hecarim,Veigar,Zeri,Soraka
NA1_4242342160,2,0,1,0,477,2312,2045,-1087,617,1458,100,Singed,Vi,Sylas,MissFortune,Senna,Graves,Kayn,Illaoi,Jinx,Lulu
NA1_4244490069,2,0,1,0,777,1865,3281,540,-192,1463,100,Nasus,Elise,Leblanc,Vayne,Blitzcrank,Poppy,Zac,Yone,Ziggs,Nami
NA1_4241720515,2,0,1,0,4094,1072,1549,519,-357,1526,100,Aatrox,Trundle,Corki,Vayne,Thresh,Nasus,Diana,Yasuo,Ezreal,Senna
NA1_4250364042,1,1,0,0,-1340,-299,519,-661,169,1676,100,Urgot,Ekko,Akali,Jhin,Soraka,MonkeyKing,Warwick,Lissandra,KogMaw,Blitzcrank
NA1_4246140218,1,0,0,1,-858,515,907,46,395,1447,100,Sion,Graves,Leblanc,Kaisa,Sona,Gwen,Trundle,Kayle,Jhin,Lux
NA1_4246445775,1,1,1,0,-1224,-623,2655,2015,-650,1664,100,Malphite,Diana,Zed,Aphelios,Soraka,Nasus,Volibear,Sylas,Jinx,Lux
NA1_4254242741,0,1,1,0,1661,-1172,-1474,-170,-307,1906,200,Tryndamere,JarvanIV,Neeko,Vayne,Rakan,Shen,MasterYi,Sett,Kaisa,Thresh
NA1_4234820184,0,1,0,0,-379,536,878,684,442,1605,200,Renekton,Hecarim,Ahri,Jinx,TahmKench,Pantheon,Nidalee,Yasuo,Kaisa,Nautilus
NA1_4239791055,0,2,1,0,3118,411,-1607,-2949,-1538,1585,200,Katarina,Graves,Irelia,Lucian,Nami,Jax,Viego,Orianna,Draven,Lulu
NA1_4239906623,0,1,0,1,-466,-1920,-1941,-917,-654,969,200,Swain,Diana,Yone,Zeri,Seraphine,Vladimir,Kindred,Renekton,Jinx,Yuumi
NA1_4258284071,1,0,0,0,444,-1185,-769,-1443,-1250,1633,200,Riven,Viego,Ahri,Lucian,Nasus,Jayce,Singed,Zed,Tristana,Yuumi
NA1_4254575765,0,2,0,0,-363,1262,1352,567,74,1925,200,Viego,Nocturne,Neeko,Jinx,Senna,Sett,Lillia,Lucian,Zeri,Zyra
NA1_4239258149,0,0,0,0,0,0,0,0,0,195,200,Riven,Hecarim,Caitlyn,Vex,Camille,Zac,Orianna,Zeri,Yuumi,
NA1_4255194598,1,0,1,0,2591,-15,1788,424,829,1606,100,Jax,Kayn,Orianna,MissFortune,Zyra,Kayle,Hecarim,Diana,Ezreal,Seraphine
NA1_4235010984,0,1,1,0,1280,-1027,-219,-151,780,2125,100,Lillia,Rammus,Pyke,Caitlyn,Karma,Garen,Khazix,Katarina,Jhin,Lux
NA1_4241714061,0,1,1,0,2705,1466,-2299,1265,889,1288,100,Darius,Diana,Pantheon,Jhin,Nami,Malphite,LeeSin,Katarina,Ezreal,Yuumi
NA1_4255801634,0,1,0,0,-2700,-1504,2820,918,317,1940,100,Warwick,Amumu,Yone,Zeri,Senna,Yorick,DrMundo,Cassiopeia,Samira,Bard
NA1_4252558106,2,0,1,0,1573,1660,1440,166,1709,1548,100,Tryndamere,JarvanIV,Katarina,Jinx,Seraphine,Nasus,MonkeyKing,Yasuo,Xerath,Leona
NA1_4236605900,0,1,0,0,-1400,-1696,-2335,-514,-176,915,200,Akali,Khazix,Yone,Draven,Nunu,Shen,Shaco,Ahri,Sivir,Nautilus
NA1_4247861414,0,1,1,0,-1373,652,2750,-750,-1004,2048,100,Sion,FiddleSticks,Annie,MissFortune,Seraphine,Veigar,Viego,Lux,Jhin,Zilean
NA1_4246452462,2,0,1,0,1985,1389,19,-1866,-799,1886,200,Irelia,RekSai,Vladimir,Vayne,Morgana,Riven,Talon,Viktor,Jinx,Lulu
NA1_4253823489,2,0,1,0,2829,3011,-53,5127,1663,907,100,Riven,Kindred,Akali,Ezreal,Pantheon,Mordekaiser,Warwick,Malzahar,Karma,
NA1_4235933593,0,1,0,1,1119,-73,-455,-1579,-86,2081,100,Tryndamere,Vi,Yasuo,Karthus,Pyke,Sion,Diana,Akshan,Twitch,Xerath
NA1_4247887537,2,0,1,0,77,32,2098,1071,1511,1765,100,Teemo,Sejuani,Neeko,Ezreal,Lux,Yorick,Zed,TwistedFate,Varus,Sona
NA1_4241789171,0,2,0,0,-1405,-336,-319,-2174,-1181,2288,200,Urgot,Kayn,Katarina,Ashe,Zilean,Tryndamere,JarvanIV,Neeko,Caitlyn,Leona
NA1_4235688411,2,0,1,0,2892,886,1584,1315,-18,1495,100,Mordekaiser,MasterYi,Heimerdinger,Jinx,Bard,Trundle,Qiyana,Ahri,Kaisa,Pantheon
NA1_4256629830,0,1,0,1,459,-2667,-242,1676,1657,2013,200,Jax,Kindred,Vex,Lucian,Nami,Tryndamere,Nidalee,Sylas,Jhin,Thresh
NA1_4256045521,2,0,0,0,-574,-1258,-1816,371,-157,1471,200,Yorick,MasterYi,Akali,Jhin,Janna,DrMundo,Trundle,Kaisa,Sivir,Zac
NA1_4258430344,1,0,0,1,612,-306,2230,-908,-645,1907,100,Vayne,Rammus,Xerath,Xayah,Lux,Mordekaiser,LeeSin,Pantheon,Kaisa,Yuumi
NA1_4251574189,2,0,0,1,897,-261,-74,-2332,-945,1736,100,Graves,Volibear,Vex,Jinx,Galio,Fiora,LeeSin,Orianna,Jhin,Nautilus
NA1_4258070750,0,1,0,1,428,1436,906,-31,-16,2404,200,Volibear,Nocturne,Irelia,Lucian,Morgana,Aatrox,Ivern,Ziggs,Jinx,Ashe
NA1_4236817762,0,2,1,0,1242,2588,3154,1025,381,1585,100,Jayce,Kindred,Yasuo,Kaisa,Blitzcrank,Sion,Skarner,Anivia,MissFortune,Renata
NA1_4241578904,0,2,1,0,-1993,-2785,185,-164,-1180,1463,200,Mordekaiser,Sett,Akshan,Sivir,Annie,Trundle,Jax,Katarina,Ezreal,Xerath
NA1_4255292782,1,0,1,0,1317,-767,5,-23,-21,2168,100,Mordekaiser,MonkeyKing,Ahri,Swain,Zilean,Volibear,Sion,Veigar,Zeri,Quinn
NA1_4260283001,0,1,0,0,-142,1556,162,-2021,-114,2290,200,Malphite,LeeSin,Katarina,Caitlyn,Renata,Sion,Viego,Veigar,Tristana,Braum
NA1_4241848656,0,1,0,1,480,-4282,-3065,-1460,-2505,1081,200,Mordekaiser,Nunu,TwistedFate,Vayne,Xerath,Akali,JarvanIV,Sylas,Ashe,Pyke
NA1_4254544996,0,1,0,1,-117,-616,2468,-1717,881,2183,100,Jayce,LeeSin,Yasuo,Kaisa,Sona,Quinn,Hecarim,Ahri,Draven,Lux
NA1_4242662039,1,0,1,0,561,-523,133,1801,144,1586,100,Malphite,Warwick,Neeko,Samira,Blitzcrank,Ornn,MasterYi,Malzahar,Jinx,Renata
NA1_4241928565,0,1,0,0,568,2178,-1610,1807,1083,1819,100,Malphite,Ekko,Sylas,Jinx,Pyke,Gangplank,Shen,Ahri,Ashe,Senna
NA1_4242506146,1,1,0,1,-1166,448,-2125,-311,-163,940,200,Irelia,Kayn,Kassadin,Samira,TahmKench,Gwen,Teemo,Qiyana,Jinx,Zilean
NA1_4253557551,0,2,1,0,-1058,-867,303,-808,-514,1499,200,Gragas,RekSai,Chogath,Jhin,Karma,Camille,LeeSin,Ahri,Vayne,Alistar
NA1_4236391337,2,0,1,0,1400,1321,-1003,1760,889,1894,100,Camille,JarvanIV,Xerath,MissFortune,Sona,Kled,Skarner,Viktor,Ezreal,Renata
NA1_4243792777,2,0,1,0,-922,1280,479,1867,-445,1681,100,Garen,Vi,Ryze,Lucian,Nami,Irelia,Singed,Veigar,Sivir,KogMaw
NA1_4254990289,0,1,1,0,1872,644,1582,-2666,-1085,1690,100,Darius,FiddleSticks,Kaisa,Aphelios,Rell,Gangplank,Hecarim,TwistedFate,Jhin,Blitzcrank
NA1_4239395107,1,1,1,0,4096,1134,-3,-580,-715,1761,100,Aatrox,Kayn,Malzahar,Samira,Nautilus,DrMundo,Khazix,Galio,Jhin,Karma
NA1_4237673927,0,2,0,0,996,-497,-153,-2423,-1173,1464,200,Kayle,Zac,Talon,Zeri,Yuumi,Graves,Warwick,Viktor,Lucian,Morgana
NA1_4237610916,0,1,1,0,-1331,-775,-4167,-6340,-1475,1101,200,Camille,Graves,Yone,Jinx,Nami,Urgot,Kayn,Sylas,Draven,Renata
NA1_4259059728,1,0,1,0,-224,353,3016,709,718,1939,100,Sett,FiddleSticks,Tryndamere,Jhin,Morgana,DrMundo,Rammus,Cassiopeia,Kaisa,Lulu
NA1_4249863023,2,0,0,0,109,824,758,228,-653,2343,100,Sion,Ekko,Zed,Jhin,Nautilus,Mordekaiser,MonkeyKing,Ahri,Kalista,Soraka
NA1_4253111327,1,0,1,0,-118,-208,-368,2125,797,2652,100,Fiora,Nidalee,Viktor,Sivir,Morgana,Gnar,Sion,Kassadin,Caitlyn,Veigar
NA1_4248603578,0,1,1,0,1144,-300,-634,1325,1761,2095,200,Sion,Viego,Viktor,Sivir,Lux,Urgot,Karthus,Ekko,Lucian,Nautilus
NA1_4236295576,2,0,1,0,-20,-520,-2408,1334,1030,2111,200,MissFortune,LeeSin,Veigar,Sion,Xerath,Riven,Khazix,Brand,Jinx,Renata
NA1_4240577796,0,1,0,1,1053,882,2207,1576,1611,1812,100,Ekko,Nocturne,Urgot,Tristana,Thresh,Warwick,MasterYi,Xerath,Jinx,Blitzcrank
NA1_4258129084,0,1,1,0,-158,-233,402,852,643,1714,100,Shen,Nunu,Ekko,Samira,Pyke,Irelia,Shaco,Katarina,Twitch,Senna
NA1_4245704518,0,1,0,1,359,219,-64,-1858,381,1930,200,Ryze,Udyr,Katarina,Jhin,Morgana,Akali,Viego,Fizz,MissFortune,Nautilus
NA1_4245044527,1,0,1,0,539,769,1145,360,-120,1763,100,Sett,Kayn,Yone,Zeri,Ahri,Garen,LeeSin,Diana,Ezreal,Xerath
NA1_4258330172,0,2,0,1,-790,474,-416,-2854,-2336,1556,200,Viktor,Warwick,Yasuo,Vayne,Thresh,Illaoi,Khazix,Ekko,Lucian,Nami
NA1_4246307804,1,0,0,0,1806,-654,1007,-438,11,1834,200,Camille,LeeSin,Lissandra,Vayne,Blitzcrank,Jayce,Nasus,Veigar,Lucian,Braum
NA1_4237432474,0,2,1,0,319,1469,-192,482,23,1881,200,Yorick,Volibear,Akali,Jhin,TahmKench,Yone,Zac,Vladimir,Zeri,Lux
NA1_4237416703,2,0,0,1,-1621,-244,2688,1727,-11,1601,100,Mordekaiser,Khazix,Fizz,Jhin,Zilean,Tryndamere,Ekko,TwistedFate,Lucian,Nami
NA1_4249828866,1,0,1,0,2229,2038,1381,-411,580,1232,100,Darius,Mordekaiser,Azir,Jhin,Nautilus,Sett,Evelynn,Ahri,Vayne,Yuumi
NA1_4250755864,1,0,0,1,207,-422,-1539,1217,231,1817,100,Yorick,Vi,Qiyana,Vayne,Nami,Aatrox,XinZhao,Lulu,Twitch,Taric
NA1_4242184776,1,0,0,0,-3058,283,633,497,808,2375,100,Fiora,JarvanIV,Sylas,Kaisa,Soraka,Warwick,Graves,Kassadin,Jinx,Janna
NA1_4249730915,1,0,0,1,702,774,26,495,237,2138,100,Jayce,Shaco,Katarina,MissFortune,Braum,Riven,Diana,Teemo,Jhin,Morgana
NA1_4246473884,1,1,0,1,-1474,-837,1184,-417,736,2199,200,Aatrox,Volibear,Malzahar,Jinx,Lux,Sett,Rengar,Annie,Zeri,Janna
NA1_4243023342,1,1,1,0,1875,-124,-1797,-871,-4,1323,100,Tryndamere,Kindred,Malzahar,Jinx,Neeko,Malphite,Trundle,Akali,Draven,Yuumi
NA1_4251222941,2,0,0,0,549,-906,1257,3776,210,1704,200,Graves,Kayn,Annie,Samira,Nautilus,MonkeyKing,Trundle,Veigar,Tristana,Renata
NA1_4259162777,1,1,1,0,331,1125,343,2538,308,1216,100,Fiora,Kayn,Vex,Xayah,Blitzcrank,Quinn,Amumu,Brand,Tristana,Nautilus
NA1_4238827214,2,0,0,1,-762,-655,-1687,-549,-1154,2355,100,Ornn,LeeSin,Anivia,Ezreal,Xerath,Jayce,Graves,Ryze,Caitlyn,Lux
NA1_4255256608,1,0,0,1,-253,667,2019,-1503,-1096,1988,200,Gangplank,Amumu,Yasuo,Blitzcrank,Draven,Graves,Diana,Sylas,Jhin,Zyra
NA1_4257139242,1,0,1,0,1778,1083,2690,589,-16,1451,100,Illaoi,XinZhao,Irelia,Xayah,Rakan,Yone,Ekko,Vex,Jinx,Zilean
NA1_4244009676,0,0,0,0,0,0,0,0,0,192,200,Thresh,Singed,Sylas,Jax,Fiora,Lillia,Viego,Jhin,Shaco,
NA1_4250808239,0,1,1,0,-1240,1607,2693,59,-560,1805,100,Aatrox,Nocturne,Sion,Ashe,Lux,Akshan,MasterYi,Galio,Jhin,Heimerdinger
NA1_4239389456,1,0,0,0,-1811,220,-806,-668,-641,2252,100,Camille,Kayn,Fizz,Tristana,Renata,Sion,LeeSin,Shaco,Jhin,Leona
NA1_4244593420,0,1,0,0,-137,362,867,-2013,-43,2297,100,Sett,Sylas,KogMaw,Jhin,Nami,Irelia,Diana,Draven,Tristana,Yuumi
NA1_4250522543,0,1,1,0,-908,-709,-571,1138,1172,2008,200,Jayce,Viego,Kaisa,Vayne,Leona,Sion,Zac,Veigar,Jinx,Blitzcrank
NA1_4259477429,1,1,0,1,-2855,796,-300,803,744,2119,100,Jax,Volibear,Swain,Jhin,Renata,Tryndamere,RekSai,Ekko,Tristana,Alistar
NA1_4257645643,0,2,1,0,-2711,-811,-1027,-767,-1738,1622,200,Kled,FiddleSticks,Yone,Zeri,Lux,Leona,JarvanIV,Anivia,Jhin,Velkoz
NA1_4235080403,0,1,1,0,1128,-1528,916,-77,1001,2269,200,Sett,Shaco,Ahri,Twitch,RekSai,Urgot,Kayn,Karma,Jinx,Bard
NA1_4242320189,0,1,0,1,-450,295,-3455,-537,79,1871,200,Kayle,Viego,Irelia,Caitlyn,Lux,Mordekaiser,Karthus,Yone,Xayah,Rakan
NA1_4250902540,1,0,0,1,322,-509,-1143,-1178,-1647,1533,100,Vladimir,Hecarim,Orianna,Lucian,Yuumi,DrMundo,Viego,Lux,Draven,Pyke
NA1_4250239005,1,1,1,0,4037,926,-665,-310,190,1575,100,Jax,LeeSin,Corki,Caitlyn,Lux,Akali,Vayne,Yone,Anivia,Soraka
NA1_4247460998,1,1,0,0,785,2041,1193,1015,1246,1190,100,Malphite,Talon,Morgana,Vayne,Blitzcrank,Darius,MonkeyKing,Ahri,Caitlyn,Karma
NA1_4236295839,1,0,0,1,-1102,1887,1075,471,-249,1599,100,Yorick,Nidalee,Pyke,Caitlyn,Nami,Sett,LeeSin,Viktor,Jhin,Seraphine
NA1_4247771968,1,1,1,0,-613,1141,-955,1428,470,1766,200,Renekton,Vi,Syndra,Kaisa,Karma,Riven,Kayn,Veigar,Vayne,Nami
NA1_4235569763,0,1,0,1,-50,-765,-958,-436,-1043,1889,200,Camille,Taliyah,Malzahar,MissFortune,Morgana,Yorick,XinZhao,Fizz,Draven,Velkoz
NA1_4236637203,2,0,0,1,-649,-1073,1446,586,963,1447,200,Nasus,Evelynn,Vladimir,Yuumi,MissFortune,Yorick,Lillia,Yone,Jhin,Renata
NA1_4260573062,1,1,0,0,353,440,1015,-948,-1936,1716,100,Mordekaiser,Hecarim,Lucian,Kaisa,Soraka,Kayle,LeeSin,Akshan,Jhin,Brand
NA1_4243902070,2,0,0,1,2341,-71,-442,2787,539,1944,100,Tryndamere,Rammus,Fizz,Jinx,TahmKench,Urgot,Trundle,Chogath,Ezreal,Leona
NA1_4245728716,1,0,1,0,306,-2043,-37,68,-132,1192,200,Volibear,Warwick,Qiyana,Jinx,Swain,Rumble,Hecarim,Twitch,KogMaw,Lulu
NA1_4242089662,2,0,1,0,1834,-512,171,-775,-422,2106,100,Aatrox,Kindred,Vladimir,Jhin,Morgana,Kennen,Amumu,Leblanc,Caitlyn,Zyra
NA1_4248513114,2,0,0,0,824,-1141,3099,1601,-1787,1152,100,Riven,Kayn,Yone,Vayne,Soraka,MonkeyKing,Hecarim,Sylas,Seraphine,Twitch
NA1_4242103377,1,1,1,0,136,-786,-694,-2447,-946,1741,100,Camille,Volibear,Ahri,Zeri,Renata,Jax,Nidalee,Malzahar,Lucian,Karma
NA1_4245739965,0,1,0,0,-1514,-1227,-35,-811,-147,1740,200,Fiora,Graves,Ahri,MissFortune,Alistar,Karthus,Trundle,Jayce,Caitlyn,Taric
NA1_4241610915,1,0,0,1,-237,1225,101,-393,583,2026,100,Kayle,Trundle,Tristana,Jhin,Yuumi,Sion,Olaf,Ahri,Draven,Soraka
NA1_4248773521,0,1,0,1,-2632,-569,699,-1488,-2757,1505,200,Sett,Zed,Sion,Draven,Nautilus,Akshan,Ekko,Talon,Caitlyn,Senna
NA1_4249642037,0,1,1,0,-768,1521,942,1319,-861,1840,100,Akali,Viego,Kassadin,Tristana,Lulu,Aatrox,Kayn,Ahri,Ezreal,Karma
NA1_4243360195,1,0,1,0,-782,1619,301,-778,-21,1935,100,MonkeyKing,LeeSin,Veigar,Jhin,Lux,Sett,Graves,Viktor,Jinx,Yuumi
NA1_4249744649,0,1,0,0,-805,-26,-1655,-885,622,2360,100,Teemo,Zac,Yone,Caitlyn,Swain,Riven,LeeSin,Corki,Lucian,Nami
NA1_4249852096,0,1,1,0,300,236,-341,-1560,348,1795,200,Mordekaiser,Khazix,Katarina,Vayne,Senna,Gangplank,LeeSin,Vladimir,Samira,Renata
NA1_4256255273,1,0,1,0,1366,1040,1090,1744,-74,1363,100,Sett,MasterYi,Ahri,Jhin,Morgana,Jax,Hecarim,Corki,Vayne,Swain
NA1_4244317859,0,0,0,0,1472,73,-878,751,-348,1785,100,Fiora,Ryze,Viktor,Vayne,Zyra,Shen,Kindred,Fizz,Jinx,Bard
NA1_4235931313,0,1,0,1,-177,-1991,-1315,-1370,-3390,1258,200,MonkeyKing,Evelynn,Veigar,Caitlyn,Zilean,MasterYi,Khazix,Malzahar,Kaisa,Xerath
NA1_4256614071,1,0,0,1,-1211,-1775,2512,279,450,1828,100,Teemo,Kayn,Yone,Caitlyn,Lux,Sett,Tryndamere,Fizz,Jhin,Nami
NA1_4259421339,1,0,1,0,2579,-1401,3119,662,654,996,100,Darius,Taliyah,Irelia,Twitch,Lulu,Garen,LeeSin,Veigar,Zeri,Blitzcrank
NA1_4260136388,1,0,0,1,-2198,-710,-649,2216,747,1769,100,Volibear,Viego,Malzahar,Samira,Zac,Graves,Zed,Anivia,Veigar,Sona
NA1_4254970477,0,2,0,0,3739,1313,-1215,1115,405,2021,200,Sett,Graves,Kaisa,Lucian,Blitzcrank,Garen,MasterYi,Jayce,Sivir,Leona
NA1_4253106205,1,1,0,1,-1474,34,-516,757,-1009,2018,100,Nasus,Jax,Graves,Caitlyn,Lux,Malphite,Kayn,Pyke,Twitch,Seraphine
NA1_4258397998,1,0,0,0,677,148,-1844,466,226,1477,100,Camille,XinZhao,Ahri,Zeri,Lux,Riven,Hecarim,Akshan,Sivir,Yuumi
NA1_4254593316,1,0,0,1,2495,17,69,2695,629,1209,100,Irelia,RekSai,Ahri,MissFortune,Nautilus,Fiora,Viego,Diana,Samira,Swain
NA1_4251223913,1,1,0,1,-104,1078,634,-484,-892,1612,100,Camille,Vi,Akshan,Tristana,Karthus,Quinn,Volibear,Gangplank,Jinx,Neeko
NA1_4254910655,1,0,1,0,2656,705,3028,692,2194,1349,100,Akali,JarvanIV,Kassadin,Jhin,Zyra,Jax,Talon,Ahri,Zeri,Pyke
NA1_4250758003,0,2,1,0,-536,-1217,1159,-140,-231,1675,200,Teemo,Shaco,Yone,MissFortune,Lulu,Vladimir,Diana,Graves,Twitch,Janna
NA1_4246643835,0,0,0,1,-529,1293,-21,-11,153,1525,100,Mordekaiser,Graves,Akshan,Ezreal,Lulu,Fiora,Viego,Samira,Caitlyn,Karma
NA1_4247480946,1,0,0,1,-1674,-51,909,-1232,259,1756,200,Kassadin,Quinn,Kled,MissFortune,Lux,Sion,Viego,Pyke,Kaisa,Maokai
NA1_4258641061,1,1,0,1,855,-4192,-201,-793,631,1985,100,Yone,Vi,Zilean,Draven,Vex,Sylas,Diana,Katarina,Vayne,Pyke
NA1_4236244915,1,1,0,1,-755,-2876,-2024,426,1829,2266,200,Jax,Hecarim,Kassadin,Jinx,Pyke,Sett,Viego,Ahri,Caitlyn,Maokai
NA1_4254370547,1,0,0,0,1061,-1630,277,35,51,2594,100,Sion,Diana,Corki,Ashe,Lux,Aatrox,Hecarim,Ahri,Jhin,Zilean
NA1_4250622064,1,1,0,1,1556,541,-885,-1132,-2046,2314,100,Yorick,XinZhao,Kaisa,Lucian,Nami,Nasus,Shyvana,Viktor,Ezreal,Karma
NA1_4259516015,1,1,1,0,436,-402,2193,1739,1182,1548,100,Irelia,Hecarim,Vex,Jinx,Lux,Gnar,Warwick,Fizz,Kaisa,Soraka
NA1_4253991839,2,0,0,0,3113,-473,894,-1603,-152,1712,200,Pantheon,Ekko,Syndra,Caitlyn,Senna,Fiora,Rammus,Ahri,MissFortune,Karma
NA1_4239872541,2,0,0,1,-47,604,626,924,333,2259,100,Aatrox,Hecarim,Corki,MissFortune,Soraka,Jayce,Mordekaiser,Jhin,Veigar,Seraphine
NA1_4245429473,0,2,0,1,-1613,-2589,-456,-1488,-1415,1039,200,Darius,Nidalee,Senna,Caitlyn,Pyke,Irelia,Khazix,Veigar,Kaisa,Alistar
NA1_4240980929,0,1,1,0,1505,999,777,1219,208,1970,200,Sett,Olaf,Annie,Vayne,Blitzcrank,Kayle,Amumu,Diana,MissFortune,Alistar
NA1_4253592955,1,0,1,0,-882,1465,2042,3155,2184,1653,100,Renekton,LeeSin,Zoe,Zeri,Senna,Darius,Riven,Leblanc,Lucian,Ashe
NA1_4244172935,2,0,1,0,-2085,591,1392,-199,613,1735,100,Nasus,Ekko,Lux,Sivir,Senna,Chogath,Kayn,Kaisa,Zeri,Janna
NA1_4238833035,0,2,1,0,36,-1150,-3037,-166,844,1569,200,Chogath,JarvanIV,Ryze,Ezreal,Lux,Sion,XinZhao,Veigar,Jhin,Thresh
NA1_4248442131,2,0,0,0,991,413,1692,100,1727,1595,100,Camille,Rammus,Anivia,Ezreal,Lux,Graves,Ekko,Katarina,Kaisa,Pyke
NA1_4248134076,1,1,0,0,-3505,-785,-940,-1162,187,990,200,Yorick,MasterYi,Ahri,Vayne,Morgana,Aatrox,Nidalee,Viktor,Jhin,Karma
NA1_4242434835,1,0,1,0,531,931,-545,-1032,-367,2427,200,TahmKench,Kayn,Sylas,Jinx,Soraka,Yone,Hecarim,Alistar,Jhin,Lux
NA1_4240267962,1,1,0,1,-2516,-1353,-2373,1168,464,1532,200,Shen,LeeSin,Akali,Samira,Blitzcrank,Gwen,Viego,Talon,Vayne,Alistar
NA1_4257791884,1,1,1,0,-204,-221,639,2395,264,1229,100,Ryze,Ivern,Vayne,Jinx,Nautilus,Qiyana,Kindred,Malzahar,Kaisa,Karma
NA1_4249500602,1,1,0,0,-543,-247,-1043,-510,-877,1795,200,Fiora,Diana,Kaisa,Jhin,Nautilus,Garen,Rammus,Viktor,Ezreal,FiddleSticks
NA1_4245387383,0,0,0,0,0,0,0,0,0,194,100,Trundle,Ivern,Fizz,Jinx,Senna,Sion,Neeko,Ezreal,Thresh,
NA1_4250437416,1,0,1,0,593,399,-1049,2944,-647,2102,100,Darius,Shaco,Lissandra,Ezreal,Veigar,Akali,Volibear,Yasuo,Zeri,Yuumi
NA1_4243971189,1,1,0,1,1608,-1084,-1824,1753,-1323,2050,200,Shen,Kindred,Vladimir,Sivir,Brand,Nasus,Volibear,Garen,Jhin,Zyra
NA1_4245996753,2,0,0,1,867,-1985,1535,-565,620,1594,100,Teemo,Udyr,Syndra,Zeri,Renata,Singed,Kindred,Jayce,Veigar,Blitzcrank
NA1_4259068219,1,0,1,0,872,952,2070,-137,-772,2112,200,Kayle,Viego,Graves,Jinx,Shaco,Nasus,Ekko,Talon,Xayah,Xerath
NA1_4247974053,1,0,0,0,1340,-179,-1864,1705,850,1759,200,Sion,Volibear,Talon,Kaisa,Janna,Mordekaiser,Zac,Yone,Tristana,Lulu
NA1_4257898263,1,0,0,1,-2619,198,1221,62,417,1826,100,Irelia,Volibear,Qiyana,Jhin,Lux,Mordekaiser,Graves,Kassadin,Ezreal,Heimerdinger
NA1_4253360325,0,2,0,1,-1436,1057,-21,-2199,-1027,1293,200,Camille,Warwick,Ahri,MissFortune,Sona,Aatrox,Kindred,Viktor,Lucian,Nami
NA1_4258584847,2,0,1,0,-353,538,2173,-661,-830,2409,100,Zilean,Sejuani,Leblanc,Thresh,Lucian,Malphite,Mordekaiser,Corki,Jhin,Zyra
NA1_4253976030,0,1,1,0,3541,348,326,1533,740,1464,100,Mordekaiser,MonkeyKing,Akali,Jinx,Soraka,Malphite,Karthus,Yasuo,Jayce,Thresh
NA1_4259933485,2,0,1,0,2619,2752,2818,-1419,-141,1737,100,Yorick,Volibear,Viktor,Zeri,Nasus,TahmKench,Chogath,Karma,Jhin,Shaco
NA1_4244274475,1,0,0,1,-1842,-1071,845,1814,1352,2084,100,Jax,Shyvana,Zed,Ezreal,Vex,Garen,Vi,Viktor,Kaisa,Zac
NA1_4250676609,0,1,0,1,1265,216,827,1047,553,1583,100,Illaoi,Kayn,Akali,Samira,Malphite,Poppy,Volibear,Fizz,Xayah,Pyke
NA1_4237905201,0,1,0,1,-1732,-540,-578,-2108,-2590,2053,200,Fiora,Nunu,Syndra,Zeri,Yuumi,Pantheon,Amumu,Vex,Caitlyn,Pyke
NA1_4254351301,0,0,0,0,0,0,0,0,0,199,200,Urgot,Hecarim,Lux,Nautilus,Darius,Shyvana,Viktor,Ashe,Xerath,
NA1_4251578454,1,1,0,0,-1715,677,123,-172,3408,2329,100,Darius,Sejuani,Vladimir,Jhin,Senna,Sett,Volibear,Ryze,Caitlyn,Nami
NA1_4253023857,1,0,0,1,-3050,1399,448,-300,-109,2748,200,Graves,Viego,Corki,Ashe,Vex,Tryndamere,Shaco,Kaisa,Jhin,Renata
NA1_4244470167,0,1,0,1,-136,-2024,-1796,-479,515,1889,200,Nasus,Rammus,Brand,Zeri,Zyra,Riven,Ekko,Zoe,Ashe,MissFortune
NA1_4254543364,0,1,0,1,1347,1016,1466,-707,56,1927,100,Sett,Talon,Viktor,Draven,Soraka,Mordekaiser,Kayn,Veigar,MissFortune,Zyra
NA1_4242477148,1,0,1,0,577,1039,252,526,734,2088,200,Tryndamere,Sejuani,Akali,MissFortune,Morgana,Jayce,MasterYi,Leblanc,Akshan,Soraka
NA1_4241295792,1,0,0,0,-2027,-816,898,-590,-176,2137,200,Sett,Darius,Vayne,Jinx,Zyra,Quinn,Viego,Chogath,MissFortune,Swain
NA1_4255829533,1,0,0,1,-194,-816,-690,1157,1127,1278,100,Garen,Talon,Graves,Varus,Lux,Gwen,MonkeyKing,Yone,Jhin,Xerath
NA1_4244590118,0,0,0,0,-1844,499,1091,-7,1895,2832,200,Urgot,Hecarim,Irelia,Jinx,Lulu,Jax,Twitch,Vex,MissFortune,Brand
NA1_4255869867,0,2,0,1,2583,-600,-592,724,119,1863,100,Vayne,Rammus,Veigar,Tristana,Thresh,Yone,Diana,Orianna,Jinx,Lulu
NA1_4254204947,1,0,0,1,-1572,2415,-779,-883,-801,2098,100,Volibear,Shaco,Vex,Jhin,Maokai,Ashe,Rengar,Veigar,Caitlyn,Lux
NA1_4245878625,0,1,1,0,5,-1239,-1789,-1295,-789,1986,200,Darius,FiddleSticks,Veigar,Xayah,Rakan,Lissandra,Khazix,Orianna,Kaisa,Karma
NA1_4255038839,1,0,0,1,-1957,-1974,-1633,648,-1710,1541,200,Jax,RekSai,Anivia,MissFortune,Yuumi,DrMundo,Warwick,Lissandra,Ashe,Pyke
NA1_4252588882,0,2,0,1,-1577,-2050,1276,-134,802,1619,200,Teemo,Hecarim,Yasuo,Jhin,Nami,Fiora,Udyr,Anivia,Ezreal,Zilean
NA1_4243375350,1,1,0,1,376,-2354,-705,-1407,-1586,1345,200,Garen,Diana,Yasuo,MissFortune,Renata,Malphite,Nunu,Neeko,Jhin,Senna
NA1_4256071809,0,1,1,0,1039,1682,405,-713,-238,1679,100,Ornn,Graves,Ahri,Ezreal,Renata,Camille,Kayn,Viktor,Caitlyn,Zac
NA1_4256645892,2,0,1,0,-1578,-376,1197,2378,1366,2067,100,Gangplank,Udyr,Yasuo,Caitlyn,Thresh,Sett,Talon,Lucian,Ezreal,Yuumi
NA1_4247294586,0,2,0,0,130,1808,365,-640,658,2161,100,Malphite,Shaco,Kayle,Twitch,Lux,Nasus,Nocturne,Syndra,Aphelios,Lulu
NA1_4255317988,0,1,0,0,1611,282,208,-1258,706,1525,200,DrMundo,Evelynn,Ahri,Vayne,Pyke,Sion,Caitlyn,Leblanc,Qiyana,Lux
NA1_4246942764,0,1,1,0,251,-97,-1503,-1888,-1224,1567,200,Singed,Hecarim,Ezreal,Varus,Senna,Gangplank,Sejuani,Vladimir,Vayne,Janna
NA1_4258001130,0,0,0,0,0,0,0,0,0,619,200,Viego,Kaisa,Ezreal,Soraka,Fiora,Shaco,Teemo,Xayah,Thresh,
NA1_4247085210,1,1,0,0,453,-1266,-62,887,868,1803,100,Yorick,LeeSin,Vayne,Ezreal,Nautilus,Volibear,Graves,Katarina,Draven,Lulu
NA1_4253753180,1,0,1,0,-101,1609,1097,3218,1337,1531,100,Teemo,Shaco,Sylas,Ashe,Lux,Irelia,Sejuani,Katarina,Kaisa,Yuumi
NA1_4244021598,0,1,0,1,0,0,0,0,0,733,200,Sett,Hecarim,Vladimir,MissFortune,Thresh,Riven,Vi,Irelia,Kaisa,Yuumi
NA1_4258509974,0,1,1,0,129,754,295,-575,-298,1356,200,Sett,Warwick,Sylas,Vayne,Soraka,Volibear,Viego,Anivia,Zeri,Karma
NA1_4258651168,1,0,0,1,653,2137,987,351,-876,2129,100,Darius,Graves,Syndra,Jinx,Renata,Garen,Amumu,Zed,Ezreal,Anivia
NA1_4251051007,2,0,0,0,-94,678,1757,1079,-147,1369,100,Rengar,Viego,Ahri,Tristana,Blitzcrank,Akshan,Nocturne,Akali,Ashe,Karma
NA1_4244035267,1,0,1,0,-1031,2935,-531,-314,-568,1851,100,Gangplank,Khazix,Fizz,Samira,Blitzcrank,Aatrox,LeeSin,Viktor,Jhin,Brand
NA1_4244891231,1,1,0,0,-698,-2783,-287,-2536,-928,1494,200,Poppy,MasterYi,Ekko,Kaisa,Sett,Vayne,LeeSin,Zoe,Ashe,Nautilus
NA1_4241689454,1,0,0,0,509,-892,1031,-428,-491,1463,100,Jax,Shaco,Zed,Aphelios,Alistar,Gragas,Ekko,Talon,Xayah,Janna
NA1_4253837026,0,1,0,1,-1309,-555,1331,279,-397,1937,200,Blitzcrank,MasterYi,Ekko,Caitlyn,Bard,Tryndamere,Trundle,Talon,Vayne,Nautilus
NA1_4238057914,0,1,1,0,-329,-1217,-1707,-412,391,1237,200,Yasuo,Trundle,Lissandra,Aphelios,Leona,Teemo,Olaf,Katarina,Vayne,Thresh
NA1_4237118621,1,1,0,1,-2796,-1022,-719,-177,-504,2619,100,Illaoi,Rengar,Xerath,Yasuo,TahmKench,Gangplank,Nunu,Viktor,Twitch,Zyra
NA1_4260503234,1,0,0,1,-640,183,-941,-851,-1071,2068,100,Nasus,Viego,Sylas,Tristana,Nami,Jax,Volibear,Zeri,Yasuo,Blitzcrank
NA1_4255103330,1,0,0,1,1602,-526,262,600,-439,1210,100,Illaoi,Trundle,KogMaw,Vayne,Morgana,Volibear,RekSai,Sylas,Zeri,Bard
NA1_4258207322,0,1,1,0,468,-1324,-768,-1454,-1644,2177,200,Graves,RekSai,Akali,MissFortune,Nami,TahmKench,Kindred,Kassadin,Sivir,Janna
NA1_4248154032,0,2,0,1,-1284,981,1010,-1543,-114,1710,100,Darius,Nocturne,Ahri,Vladimir,Senna,Rengar,Warwick,Anivia,Caitlyn,Morgana
NA1_4256257545,0,1,0,1,-793,-2192,-528,15,820,2232,100,Teemo,Ivern,Talon,Nautilus,Kaisa,Graves,Diana,Vex,Jinx,Lulu
NA1_4239480778,1,1,1,0,-753,455,2311,-702,-1466,2595,200,Camille,Sejuani,Diana,Jhin,Pyke,Nasus,Ekko,Vex,Vayne,Senna
NA1_4249376639,0,1,0,1,-2636,-2168,-1222,-126,-1798,1398,200,Illaoi,Rammus,Kayle,Lucian,Nami,Rengar,Nocturne,Syndra,Caitlyn,Zyra
NA1_4238521337,0,2,1,0,2800,-1272,2384,-1911,-144,2039,100,Camille,Graves,Kennen,Jhin,Tristana,Tryndamere,FiddleSticks,TwistedFate,Senna,Sett
NA1_4251517435,2,0,1,0,1009,1537,-1511,1559,659,1355,100,Gnar,Ekko,Ahri,Tristana,Nautilus,Yone,Talon,Irelia,Jinx,TahmKench
NA1_4237223189,1,1,1,0,-2855,-637,353,1567,317,1956,200,Mordekaiser,MasterYi,Anivia,Vayne,Pyke,Trundle,LeeSin,Veigar,Kaisa,Janna
NA1_4250808377,1,1,0,1,-366,1934,-1239,897,218,2403,200,Nasus,Kayn,Ahri,Samira,Lux,Fiora,DrMundo,Kassadin,Zeri,Morgana
NA1_4260439463,0,1,0,0,450,598,-1231,-709,174,1917,200,Jax,Kayn,Veigar,Kaisa,Karma,Ornn,MasterYi,Ahri,Twitch,Lulu
NA1_4260585201,2,0,0,0,-274,1561,-42,1815,1058,1309,100,Chogath,Ekko,Galio,Caitlyn,Yuumi,Riven,Nocturne,Yone,Zeri,Morgana
NA1_4247286700,1,0,0,1,-2799,1299,-719,93,1524,1923,200,Garen,Nocturne,Leblanc,Veigar,Heimerdinger,Sett,Hecarim,Fizz,Aphelios,Leona
NA1_4247734315,2,0,0,1,-926,731,-1781,226,-709,1728,100,Sion,Shyvana,Lux,Aphelios,Thresh,Aatrox,MasterYi,Gangplank,Jinx,Soraka
NA1_4238377666,1,0,0,1,3449,1282,1639,267,-293,1516,100,Riven,Vi,Zed,Ashe,Sona,Nasus,Nocturne,Brand,Kaisa,Senna
NA1_4249052918,0,1,0,1,1461,-191,-2013,-1769,-1472,2313,100,Urgot,Rammus,Nunu,Ashe,Sona,Volibear,Elise,Zed,Yasuo,Morgana
NA1_4238507125,0,1,0,0,-897,-239,-394,2969,-63,2228,200,Aatrox,Mordekaiser,Sylas,Zeri,Senna,Vladimir,Evelynn,Jayce,Jhin,Seraphine
NA1_4256001120,1,1,0,1,-1615,-844,925,-944,271,1936,100,Illaoi,Rengar,Lux,KogMaw,Sona,Trundle,MasterYi,Katarina,Jinx,Renata
NA1_4235711947,0,2,1,0,1986,2954,650,-68,749,1896,100,Yone,Graves,Lux,Yasuo,Morgana,Tryndamere,Volibear,MasterYi,Jhin,Zilean
NA1_4254919161,1,0,0,1,-1745,-1413,-1928,-1246,1099,1560,200,Tryndamere,LeeSin,Irelia,Tristana,Brand,Sett,Shaco,Teemo,Jinx,Janna
NA1_4236636809,1,0,0,0,-493,1289,908,1188,510,1800,100,Illaoi,Zed,Yone,Ezreal,Alistar,Nasus,Graves,Irelia,MissFortune,Renata
NA1_4259367866,0,1,1,0,803,742,666,-1233,-645,2040,100,Garen,Zac,Ahri,Zeri,Nautilus,Renekton,Amumu,Lux,Lucian,Sona
NA1_4235738596,0,1,0,1,-1175,-1246,-2364,-1993,-1043,1270,200,Nasus,Khazix,Corki,Samira,Nautilus,Sion,Ekko,Ezreal,Zeri,Renata
NA1_4238485799,1,0,0,0,1895,-480,1125,-158,824,1986,100,Jax,Lillia,Sylas,Twitch,Senna,Tryndamere,FiddleSticks,Ahri,Samira,Pyke
NA1_4243983016,0,2,0,1,-1797,-1832,-1979,-319,-561,1524,200,Chogath,Talon,Zed,Zeri,Lulu,Volibear,Graves,Ahri,MissFortune,Seraphine
NA1_4260101375,0,2,0,1,-2890,-436,2866,-2962,-1595,1211,200,Nunu,Hecarim,Irelia,Xayah,Pyke,DrMundo,Viego,Akshan,Sivir,Seraphine
NA1_4247439799,0,1,0,1,2005,64,297,-1056,-1631,2405,200,Yasuo,Hecarim,Viktor,Kaisa,Bard,Camille,Vi,Vladimir,Caitlyn,Morgana
NA1_4252883630,1,1,1,0,377,1283,1049,1099,910,1357,100,Renekton,Zac,Yasuo,Xayah,Thresh,Teemo,Kayn,Akshan,Lucian,Soraka
NA1_4243379502,1,1,0,0,4344,843,1081,-104,-795,1104,100,Garen,Lillia,Lissandra,Ashe,Nami,Jayce,Shaco,Galio,Caitlyn,Lux
NA1_4242590893,1,0,0,0,-2104,658,722,1072,330,1366,200,Irelia,Khazix,Zed,Jhin,Sona,Nasus,Hecarim,Kayle,MissFortune,Senna
NA1_4242862336,1,0,0,1,-2850,0,-870,-316,-1027,1495,200,Teemo,Sejuani,Akali,Tristana,Renata,Yorick,Diana,TwistedFate,MissFortune,Galio
NA1_4240266307,2,0,1,0,1132,412,-217,-775,1000,1884,100,Garen,Zac,Ashe,Yasuo,Swain,Sett,Graves,Viktor,Zeri,Nautilus
NA1_4236446381,0,2,1,0,-1879,26,-411,-281,-898,1900,200,DrMundo,MasterYi,Viktor,Jhin,Sona,Akshan,Zed,Lissandra,Ezreal,Vex
NA1_4251247947,0,1,0,0,355,1436,281,-890,-667,1994,200,Irelia,Kayn,Annie,Aphelios,Karma,Sion,Shaco,Ahri,Caitlyn,Swain
NA1_4253930131,0,2,0,0,0,0,0,0,0,836,200,Yorick,Rammus,Katarina,Jhin,Nautilus,Darius,Sejuani,Fizz,Tristana,Galio
NA1_4253945561,0,2,1,0,682,-1102,110,-3376,-935,916,200,TahmKench,LeeSin,Vex,Jinx,Pyke,Warwick,Viego,Fizz,Zeri,Morgana
NA1_4236910804,1,0,1,0,65,3108,1166,1077,967,1520,100,Garen,Udyr,Azir,Jhin,Leona,Illaoi,Graves,Ekko,Caitlyn,Janna
NA1_4253519785,2,0,0,0,3289,-1273,-466,2012,272,2283,100,Irelia,Sejuani,Akali,Zeri,Soraka,Jayce,Hecarim,Sylas,Kaisa,Brand
NA1_4237408578,1,0,1,0,2117,1787,865,1131,-722,1563,100,Fiora,MasterYi,Ahri,Draven,Blitzcrank,MonkeyKing,Qiyana,Annie,Jhin,Xerath
NA1_4251094662,2,0,1,0,1143,723,-945,1114,2239,2151,100,Yorick,DrMundo,Kaisa,Jhin,Twitch,Chogath,Khazix,Lux,Soraka,Sona
NA1_4244651646,0,1,1,0,-1556,729,1852,-3218,-1189,2389,200,Yorick,Khazix,Tryndamere,Caitlyn,Zyra,TahmKench,Amumu,Xerath,Jinx,Lux
NA1_4244518053,2,0,1,0,302,977,-1053,784,2080,1666,100,Jayce,Ekko,Olaf,Ashe,Senna,Sion,XinZhao,Akali,Kaisa,Braum
NA1_4241891012,2,0,0,0,-1905,-597,-2424,3393,221,1775,100,Singed,Ekko,Vex,Jinx,Rakan,Volibear,Rammus,Katarina,Jhin,Nautilus
NA1_4245858190,0,2,1,0,-1412,-2,-1459,-2792,-2372,932,200,Darius,Karthus,Yasuo,Jhin,Thresh,Nasus,Volibear,Akali,Tristana,Ezreal
NA1_4242236791,2,0,1,0,-291,-778,1401,1178,1046,2076,100,Jax,Volibear,Xerath,Zeri,Senna,Aatrox,LeeSin,Annie,Jinx,Vex
NA1_4241199634,0,2,1,0,-162,-787,-863,-1669,-1268,2750,100,Gnar,Shaco,Neeko,Ezreal,Braum,Ryze,Elise,Corki,Draven,Karma
NA1_4248214476,0,2,0,1,-1362,-2924,-890,862,133,1293,200,Ornn,Gwen,Ryze,Aphelios,Renata,Akali,Viego,Irelia,Seraphine,Heimerdinger
NA1_4244099256,1,0,0,0,-750,-1170,1323,70,836,1882,100,Fiora,Kayn,Akali,KogMaw,Brand,Gwen,XinZhao,Irelia,Jhin,Senna
NA1_4250909253,1,1,1,0,161,364,-882,1265,1275,2013,200,Garen,Nocturne,Sylas,Kaisa,Lux,Urgot,Rammus,Fizz,Xayah,Rakan
NA1_4240226112,0,2,0,1,-3087,-2074,-356,-2879,-3844,1326,200,Kayle,Ekko,Veigar,Zeri,Renata,Tryndamere,Khazix,Sejuani,Xayah,Xerath
NA1_4256120324,0,0,0,0,0,0,0,0,0,198,200,Hecarim,Malzahar,Ezreal,Swain,Shen,Diana,Zoe,Jinx,Janna,
NA1_4242398717,1,0,0,1,-1603,-1359,510,-752,-1697,2197,100,Graves,Hecarim,Kayle,Sivir,Lux,Sion,Kindred,Malzahar,Ezreal,Brand
NA1_4237143277,1,0,1,0,-1046,3211,-1920,2250,137,2036,100,Urgot,Warwick,Zoe,Varus,Zyra,Garen,Nunu,Diana,Jhin,Morgana
NA1_4256992325,1,0,0,0,1209,699,-1593,-201,112,2095,100,Camille,Shaco,Orianna,Kaisa,Rakan,Tryndamere,Ekko,Lux,Ezreal,Rell
NA1_4243012512,1,0,1,0,-1135,1124,1069,468,703,1756,200,Volibear,Gwen,Zed,Vayne,Maokai,Fiora,Graves,Akali,Jinx,Nautilus
NA1_4258613613,0,2,0,1,1169,-1773,-1177,-1504,-3371,2306,100,Gangplank,Trundle,Syndra,Jinx,Thresh,Karma,LeeSin,Xerath,Ezreal,Lux
NA1_4236616832,1,1,0,1,643,1872,-2062,-1822,-1525,1388,100,Illaoi,Diana,Yasuo,Tristana,Blitzcrank,Vayne,Shaco,Fizz,Lucian,Leona
NA1_4246535202,0,2,0,0,-1120,-696,-1796,-27,-219,2008,200,Nasus,Volibear,Orianna,Aphelios,Zilean,Trundle,Hecarim,Kaisa,Caitlyn,Shen
NA1_4248834534,2,0,0,1,441,-1035,-10,240,-1,1493,100,Camille,Viego,Ryze,Jinx,Nami,Heimerdinger,Kayn,Gragas,Xayah,Rakan
NA1_4259027402,0,0,0,0,338,707,-1203,1909,1312,1296,100,Riven,Hecarim,Yone,Jhin,Zyra,Nasus,Rammus,Irelia,Zeri,Seraphine
NA1_4255078683,1,0,1,0,3768,-731,647,1500,918,1500,100,Sett,Taliyah,Chogath,Jinx,Morgana,Tryndamere,Hecarim,Annie,Samira,Soraka
NA1_4244754110,0,1,1,0,-1854,2223,-1526,-501,-362,1908,100,Mordekaiser,Trundle,Yasuo,Kaisa,Alistar,Darius,RekSai,Katarina,Lulu,Yuumi
NA1_4238937400,1,1,0,1,-1644,-453,1418,80,-208,2171,200,Camille,Olaf,Tristana,Veigar,Brand,Jax,LeeSin,Corki,MissFortune,Thresh
NA1_4252233730,2,0,1,0,2343,1639,-211,831,-135,1369,100,Renekton,MonkeyKing,Ahri,Caitlyn,Thresh,Gnar,Zac,Gwen,Ashe,Senna
NA1_4239070863,1,0,0,0,-731,-85,-866,2822,1101,2031,200,Mordekaiser,Graves,Zed,Twitch,Lulu,Quinn,Shaco,Jayce,Ezreal,Nami
NA1_4242270504,2,0,1,0,-1645,-436,-348,885,471,2091,200,Yorick,LeeSin,Ahri,Jhin,Nautilus,TahmKench,Rammus,Cassiopeia,Vayne,Pyke
NA1_4237711572,1,1,0,0,3485,1255,-323,-1320,-753,2624,100,Darius,Volibear,Ahri,Sivir,Janna,Nocturne,Trundle,Veigar,Jinx,Senna
NA1_4242300478,0,1,0,0,-1161,-1292,2692,-2708,-701,1500,100,Vayne,Zac,Yasuo,Twitch,Renata,Nasus,Nocturne,Morgana,Jinx,Thresh
NA1_4236454345,1,0,0,1,-1962,1440,-1153,3513,2805,1492,100,Garen,Rammus,Malzahar,Aphelios,Lux,Volibear,XinZhao,Yasuo,Samira,Alistar
NA1_4252008055,0,1,0,1,744,68,-357,-1988,241,1976,200,Yone,Shaco,Ahri,Ezreal,Karma,Camille,Evelynn,Kaisa,Ashe,Zilean
NA1_4258106960,1,1,0,0,1428,511,-960,-2007,-458,1840,100,Tryndamere,Kayn,Malzahar,Jinx,Rakan,Garen,Zed,Heimerdinger,Samira,Pantheon
NA1_4242702364,0,1,1,0,-476,969,-1014,441,621,1683,100,Samira,Lillia,Fizz,Kaisa,Blitzcrank,Yone,LeeSin,Talon,Ezreal,Yuumi
NA1_4253515655,1,0,1,0,965,2592,451,4159,3149,1127,100,Trundle,Diana,TwistedFate,Draven,Vi,Tryndamere,Shaco,Yasuo,Zeri,Yuumi
NA1_4248041957,1,0,1,0,821,653,-358,15,1596,2413,200,Jax,JarvanIV,Zed,Ezreal,Velkoz,Urgot,MasterYi,Lissandra,Kaisa,Leona
NA1_4259235711,0,2,0,0,1236,-1553,-1328,-134,428,1870,200,Illaoi,Jax,Tryndamere,Ezreal,Zyra,Kayle,LeeSin,Yasuo,Jhin,Seraphine
NA1_4254883883,0,2,1,0,3972,-455,330,-638,-1707,1486,100,Irelia,Evelynn,Veigar,Vayne,Nautilus,Gnar,Viego,Diana,Caitlyn,Senna
NA1_4255140723,1,0,0,1,1377,-1465,-2293,-1601,1240,1802,200,Kennen,Graves,Lillia,Samira,Renata,Fiora,Vi,Veigar,Yasuo,Nautilus
NA1_4248858190,0,1,0,1,2039,-794,-1108,-787,-542,1437,200,Riven,Trundle,Leblanc,Jhin,Annie,Shaco,Mordekaiser,Ezreal,Jinx,Thresh
NA1_4257115030,1,1,0,0,-1828,371,668,1014,-372,2171,200,Tryndamere,Lillia,Zed,Tristana,Alistar,Teemo,MasterYi,TwistedFate,Aphelios,Senna
NA1_4241764358,0,2,1,0,-575,-489,1340,-1286,-644,1763,100,Tryndamere,Hecarim,Akali,KogMaw,Yuumi,Nasus,Vi,Ziggs,Twitch,Brand
NA1_4254206970,0,1,0,1,-1533,154,357,1084,-392,1531,200,Yorick,Twitch,Jayce,Veigar,Shaco,Sion,Mordekaiser,Anivia,Aphelios,Lux
NA1_4250794683,0,1,0,0,-977,2296,-2579,1252,-301,1561,200,Sylas,Udyr,Ahri,Lucian,Nami,MonkeyKing,FiddleSticks,Graves,Ziggs,Pantheon
NA1_4251242141,0,1,0,0,-2426,-290,-584,-1522,612,1272,200,Jayce,Evelynn,Annie,Ashe,Pyke,Graves,Ekko,Vex,Kaisa,Nautilus
NA1_4239684751,1,0,0,1,-1053,-1673,1702,-96,-497,2019,200,Graves,LeeSin,Katarina,Kaisa,Thresh,Garen,Sejuani,Morgana,Ezreal,Sona
NA1_4240721655,0,2,1,0,375,1076,-355,-418,-184,1555,100,Sett,Viego,Yone,Vayne,Karma,Mordekaiser,Sejuani,Diana,Samira,Leona
NA1_4243649409,2,0,1,0,609,837,1831,2017,339,2212,100,Ornn,Warwick,Malzahar,Jhin,Pantheon,Graves,Kayn,Anivia,Samira,Lux
NA1_4249926044,1,0,1,0,1012,1360,571,333,582,1885,100,Sion,Viego,Fizz,Vayne,Sona,Malphite,Graves,Orianna,Caitlyn,Veigar
NA1_4239753731,0,2,1,0,842,-171,906,247,-908,1754,200,Diana,XinZhao,Zed,Samira,Thresh,Shen,Volibear,Lux,Jinx,Pyke
NA1_4257209107,2,0,0,1,-2080,-1164,235,1879,782,1810,100,Jax,MasterYi,Ziggs,Ezreal,FiddleSticks,Tryndamere,Nocturne,Yasuo,Ashe,Lux
NA1_4247399097,0,1,0,1,-2019,2524,1124,1149,708,2083,200,Garen,Kindred,Vladimir,Jinx,Blitzcrank,Jayce,XinZhao,Veigar,Senna,Soraka
NA1_4241370402,0,2,0,1,-1238,1062,-583,-554,18,2102,100,Shen,Diana,Fizz,Ashe,Blitzcrank,Jayce,MasterYi,Qiyana,Jhin,Zyra
NA1_4245468735,2,0,1,0,-1500,-139,1759,-467,-136,2702,100,Sett,Shaco,Vladimir,Kaisa,Soraka,Tryndamere,JarvanIV,Orianna,Veigar,Janna
